id	well	sample	sample type	sample nucleotide	target	target chemistry	excluded	note	baseline	lower limit	upper limit	common threshold	group threshold	n in log phase	last log cycle	n included	log lin cycle	log lin fluorescence	indiv PCR eff	R2	N0 (indiv eff - for debug use)	Cq (indiv eff - for debug use)	Cq with group threshold (indiv eff - for debug use)	mean PCR eff	standard error of the mean PCR eff	N0 (mean eff)	Cq (mean eff)	mean PCR eff - no plateau	standard error of the mean PCR eff - no plateau	N0 (mean eff) - no plateau	Cq (mean eff) - no plateau	mean PCR eff - mean efficiency	standard error of the mean PCR eff - mean efficiency	N0 (mean eff) - mean efficiency	Cq (mean eff) - mean efficiency	mean PCR eff - no plateau - mean efficiency	standard error of the mean PCR eff - no plateau - mean efficiency	N0 (mean eff) - no plateau - mean efficiency	Cq (mean eff) - no plateau - mean efficiency	mean PCR eff - stat efficiency	standard error of the mean PCR eff - stat efficiency	N0 (mean eff) - stat efficiency	Cq (mean eff) - stat efficiency	mean PCR eff - no plateau - stat efficiency	standard error of the stat PCR eff - no plateau - stat efficiency	N0 (mean eff) - no plateau - stat efficiency	Cq (mean eff) - no plateau - stat efficiency	amplification	baseline error	instable baseline	plateau	noisy sample	PCR efficiency outside mean rage	PCR efficiency outside mean rage - no plateau	PCR efficiency outlier	PCR efficiency outlier - no plateau	short log lin phase	Cq is shifting	too low Cq eff	too low Cq N0	used for W-o-L setting
1	A1	f9d786d4-0975-449d-a83f-7eca77a06f42	std	cDNA	SYBR Green I@TELO	non-saturating DNA binding dye		indiv PCR eff is 1.551 < 1.7	0.217431	0.032734	0.226986	0.11349999999999999	0.1135	11	16	4	14.5	0.085527	1.550933	0.999978	1.474023e-04	15.1448	15.1448	1.623776	0.049100	7.576605e-05	15.0837	1.622312	0.049185	7.676357e-05	15.0848	1.626565	0.025005	7.390451e-05	15.0817	1.624132	0.024574	7.552566e-05	15.0835	1.625680	0.045867	7.448939e-05	15.0823	1.624265	0.045906	7.543644e-05	15.0834	Yes	No	No	Yes	No	Yes	Yes	No	No	No	No	No	No	Yes
2	A2	f9d786d4-0975-449d-a83f-7eca77a06f42	std	cDNA	SYBR Green I@TELO	non-saturating DNA binding dye		indiv PCR eff is 1.560 < 1.7	0.186070	0.032734	0.226986	0.11349999999999999	0.1135	12	17	5	15.0	0.085535	1.560462	0.999768	1.079814e-04	15.6357	15.6357	1.623776	0.049100	5.946370e-05	15.5835	1.622312	0.049185	6.027377e-05	15.5846	1.626565	0.025005	5.795297e-05	15.5815	1.624132	0.024574	5.926854e-05	15.5833	1.625680	0.045867	5.842749e-05	15.5821	1.624265	0.045906	5.919611e-05	15.5832	Yes	No	No	Yes	No	Yes	Yes	No	No	No	No	No	No	Yes
3	A3	e0a0a1e0-48cb-45c2-9a77-41045e7d02f9	unkn	cDNA	SYBR Green I@TELO	non-saturating DNA binding dye		indiv PCR eff is 1.601 < 1.7	0.059858	0.032734	0.226986	0.11349999999999999	0.1135	12	24	4	21.5	0.073577	1.601320	0.999982	2.954358e-06	22.4207	22.4207	1.623776	0.049100	2.189915e-06	22.3942	1.622312	0.049185	2.232802e-06	22.3959	1.626565	0.025005	2.110610e-06	22.3911	1.624132	0.024574	2.179621e-06	22.3938	1.625680	0.045867	2.135425e-06	22.3921	1.624265	0.045906	2.175804e-06	22.3937	Yes	No	No	Yes	No	No	No	No	No	No	No	No	No	Yes
4	A4	e0a0a1e0-48cb-45c2-9a77-41045e7d02f9	unkn	cDNA	SYBR Green I@TELO	non-saturating DNA binding dye		indiv PCR eff is 1.584 < 1.7	0.057684	0.032734	0.226986	0.11349999999999999	0.1135	11	24	5	22.0	0.089945	1.584198	0.999824	3.615484e-06	22.5056	22.5056	1.623776	0.049100	2.100870e-06	22.4798	1.622312	0.049185	2.142979e-06	22.4807	1.626565	0.025005	2.023054e-06	22.4782	1.624132	0.024574	2.090765e-06	22.4796	1.625680	0.045867	2.047395e-06	22.4787	1.624265	0.045906	2.087019e-06	22.4795	Yes	No	No	Yes	No	No	No	No	No	No	No	No	No	Yes
5	A5	1b78aba8-f52d-44cb-85d6-580559ce6945	unkn	cDNA	SYBR Green I@TELO	non-saturating DNA binding dye		indiv PCR eff is 1.588 < 1.7	0.058920	0.032734	0.226986	0.11349999999999999	0.1135	11	23	4	20.5	0.074969	1.587701	0.999973	5.742748e-06	21.3971	21.3971	1.623776	0.049100	3.623213e-06	21.3555	1.622312	0.049185	3.690838e-06	21.3571	1.626565	0.025005	3.497999e-06	21.3525	1.624132	0.024574	3.606971e-06	21.3552	1.625680	0.045867	3.537201e-06	21.3535	1.624265	0.045906	3.600948e-06	21.3550	Yes	No	No	Yes	No	No	No	No	No	No	No	No	No	Yes
6	A6	1b78aba8-f52d-44cb-85d6-580559ce6945	unkn	cDNA	SYBR Green I@TELO	non-saturating DNA binding dye		indiv PCR eff is 1.532 < 1.7	0.064205	0.032734	0.226986	0.11349999999999999	0.1135	12	22	5	20.0	0.087524	1.532084	0.999972	1.723752e-05	20.6092	20.6092	1.623776	0.049100	5.390173e-06	20.5361	1.622312	0.049185	5.488301e-06	20.5371	1.626565	0.025005	5.208361e-06	20.5342	1.624132	0.024574	5.366598e-06	20.5359	1.625680	0.045867	5.265300e-06	20.5348	1.624265	0.045906	5.357856e-06	20.5358	Yes	No	No	Yes	No	Yes	Yes	No	No	No	No	No	No	Yes
7	A7	1da70a3b-18ba-421c-baea-f66f7c0363e9	unkn	cDNA	SYBR Green I@TELO	non-saturating DNA binding dye		indiv PCR eff is 1.618 < 1.7	0.054761	0.032734	0.226986	0.11349999999999999	0.1135	12	25	4	23.5	0.090131	1.617799	0.999810	1.109547e-06	23.9792	23.9792	1.623776	0.049100	1.017440e-06	23.9756	1.622312	0.049185	1.039238e-06	23.9765	1.626565	0.025005	9.772357e-07	23.9739	1.624132	0.024574	1.012213e-06	23.9754	1.625680	0.045867	9.898006e-07	23.9744	1.624265	0.045906	1.010276e-06	23.9753	Yes	No	No	Yes	No	No	No	No	No	No	No	No	No	Yes
8	A8	1da70a3b-18ba-421c-baea-f66f7c0363e9	unkn	cDNA	SYBR Green I@TELO	non-saturating DNA binding dye		indiv PCR eff is 1.623 < 1.7	0.056670	0.032734	0.226986	0.11349999999999999	0.1135	11	25	4	23.5	0.089717	1.623481	0.999793	1.017100e-06	23.9853	23.9853	1.623776	0.049100	1.012766e-06	23.9851	1.622312	0.049185	1.034464e-06	23.9860	1.626565	0.025005	9.727463e-07	23.9834	1.624132	0.024574	1.007563e-06	23.9849	1.625680	0.045867	9.852535e-07	23.9839	1.624265	0.045906	1.005635e-06	23.9848	Yes	No	No	Yes	No	No	No	No	No	No	No	No	No	Yes
9	A9	eca52834-c65e-4bcc-915e-5787a6861e84	unkn	cDNA	SYBR Green I@TELO	non-saturating DNA binding dye		indiv PCR eff is 1.659 < 1.7	0.057553	0.032734	0.226986	0.11349999999999999	0.1135	12	26	4	24.5	0.088447	1.659203	0.999713	3.623597e-07	24.9926	24.9926	1.623776	0.049100	6.148780e-07	25.0145	1.622312	0.049185	6.286185e-07	25.0155	1.626565	0.025005	5.895688e-07	25.0127	1.624132	0.024574	6.115854e-07	25.0143	1.625680	0.045867	5.974740e-07	25.0133	1.624265	0.045906	6.103651e-07	25.0142	Yes	No	No	Yes	No	No	No	No	No	No	No	No	No	Yes
10	A10	eca52834-c65e-4bcc-915e-5787a6861e84	unkn	cDNA	SYBR Green I@TELO	non-saturating DNA binding dye		indiv PCR eff is 1.644 < 1.7	0.059361	0.032734	0.226986	0.11349999999999999	0.1135	12	26	4	24.5	0.093390	1.644489	0.999795	4.759326e-07	24.8920	24.8920	1.623776	0.049100	6.492456e-07	24.9023	1.622312	0.049185	6.637541e-07	24.9030	1.626565	0.025005	6.225218e-07	24.9009	1.624132	0.024574	6.457689e-07	24.9021	1.625680	0.045867	6.308688e-07	24.9013	1.624265	0.045906	6.444804e-07	24.9020	Yes	No	No	Yes	No	No	No	No	No	No	No	No	No	Yes
11	A11	1d66a398-cc62-4571-8b33-c911c0ae5e55	unkn	cDNA	SYBR Green I@TELO	non-saturating DNA binding dye		indiv PCR eff is 1.606 < 1.7	0.061439	0.032734	0.226986	0.11349999999999999	0.1135	11	25	4	22.5	0.079962	1.605697	0.999966	1.885609e-06	23.2396	23.2396	1.623776	0.049100	1.465688e-06	23.2225	1.622312	0.049185	1.495740e-06	23.2239	1.626565	0.025005	1.410189e-06	23.2200	1.624132	0.024574	1.458478e-06	23.2222	1.625680	0.045867	1.427544e-06	23.2208	1.624265	0.045906	1.455806e-06	23.2221	Yes	No	No	Yes	No	No	No	No	No	No	No	No	No	Yes
12	A12	1d66a398-cc62-4571-8b33-c911c0ae5e55	unkn	cDNA	SYBR Green I@TELO	non-saturating DNA binding dye		indiv PCR eff is 1.607 < 1.7	0.059950	0.032734	0.226986	0.11349999999999999	0.1135	12	25	4	22.5	0.078044	1.606600	0.999885	1.817253e-06	23.2900	23.2900	1.623776	0.049100	1.430534e-06	23.2726	1.622312	0.049185	1.459865e-06	23.2741	1.626565	0.025005	1.376366e-06	23.2699	1.624132	0.024574	1.423497e-06	23.2723	1.625680	0.045867	1.393305e-06	23.2708	1.624265	0.045906	1.420889e-06	23.2721	Yes	No	No	Yes	No	No	No	No	No	No	No	No	No	Yes
13	B1	742141ac-e669-4979-81f6-60e7921ff6f2	std	cDNA	SYBR Green I@TELO	non-saturating DNA binding dye		indiv PCR eff is 1.628 < 1.7	0.097460	0.032734	0.226986	0.11349999999999999	0.1135	11	19	4	17.5	0.090843	1.627843	0.999535	1.799179e-05	17.9570	17.9570	1.623776	0.049100	1.879678e-05	17.9593	1.622312	0.049185	1.909587e-05	17.9602	1.626565	0.025005	1.824083e-05	17.9577	1.624132	0.024574	1.872483e-05	17.9591	1.625680	0.045867	1.841520e-05	17.9582	1.624265	0.045906	1.869814e-05	17.9591	Yes	No	No	Yes	No	No	No	No	No	No	No	No	No	Yes
14	B2	742141ac-e669-4979-81f6-60e7921ff6f2	std	cDNA	SYBR Green I@TELO	non-saturating DNA binding dye		indiv PCR eff is 1.635 < 1.7	0.085057	0.032734	0.226986	0.11349999999999999	0.1135	12	20	4	18.5	0.096673	1.635220	0.999484	1.081798e-05	18.8263	18.8263	1.623776	0.049100	1.231888e-05	18.8310	1.622312	0.049185	1.252619e-05	18.8316	1.626565	0.025005	1.193403e-05	18.8299	1.624132	0.024574	1.226903e-05	18.8309	1.625680	0.045867	1.205466e-05	18.8302	1.624265	0.045906	1.225055e-05	18.8308	Yes	No	No	Yes	No	No	No	No	No	No	No	No	No	Yes
15	B3	61a152cc-07e2-4c9f-90a1-668560e82a5d	unkn	cDNA	SYBR Green I@TELO	non-saturating DNA binding dye		indiv PCR eff is 1.579 < 1.7	0.062623	0.032734	0.226986	0.11349999999999999	0.1135	12	24	4	21.5	0.092277	1.578787	0.999923	5.025038e-06	21.9533	21.9533	1.623776	0.049100	2.746498e-06	21.9270	1.622312	0.049185	2.800285e-06	21.9278	1.626565	0.025005	2.647037e-06	21.9255	1.624132	0.024574	2.733587e-06	21.9268	1.625680	0.045867	2.678158e-06	21.9260	1.624265	0.045906	2.728800e-06	21.9268	Yes	No	No	Yes	No	Yes	No	No	No	No	No	No	No	Yes
16	B4	61a152cc-07e2-4c9f-90a1-668560e82a5d	unkn	cDNA	SYBR Green I@TELO	non-saturating DNA binding dye		indiv PCR eff is 1.592 < 1.7	0.060466	0.032734	0.226986	0.11349999999999999	0.1135	11	24	4	21.5	0.087572	1.592349	0.999934	3.967750e-06	22.0575	22.0575	1.623776	0.049100	2.606467e-06	22.0350	1.622312	0.049185	2.657512e-06	22.0360	1.626565	0.025005	2.512078e-06	22.0331	1.624132	0.024574	2.594215e-06	22.0348	1.625680	0.045867	2.541612e-06	22.0337	1.624265	0.045906	2.589672e-06	22.0347	Yes	No	No	Yes	No	No	No	No	No	No	No	No	No	Yes
17	B5	232ff89b-2f8f-48e7-b83e-003081c78269	unkn	cDNA	SYBR Green I@TELO	non-saturating DNA binding dye		indiv PCR eff is 1.584 < 1.7	0.060209	0.032734	0.226986	0.11349999999999999	0.1135	11	25	4	22.5	0.086222	1.584200	0.999938	2.753533e-06	23.0975	23.0975	1.623776	0.049100	1.580434e-06	23.0671	1.622312	0.049185	1.612839e-06	23.0681	1.626565	0.025005	1.520590e-06	23.0651	1.624132	0.024574	1.572660e-06	23.0668	1.625680	0.045867	1.539304e-06	23.0657	1.624265	0.045906	1.569778e-06	23.0667	Yes	No	No	Yes	No	No	No	No	No	No	No	No	No	Yes
18	B6	232ff89b-2f8f-48e7-b83e-003081c78269	unkn	cDNA	SYBR Green I@TELO	non-saturating DNA binding dye		indiv PCR eff is 1.582 < 1.7	0.060106	0.032734	0.226986	0.11349999999999999	0.1135	11	25	4	22.5	0.088083	1.581839	0.999804	2.908967e-06	23.0528	23.0528	1.623776	0.049100	1.614555e-06	23.0230	1.622312	0.049185	1.647660e-06	23.0240	1.626565	0.025005	1.553419e-06	23.0211	1.624132	0.024574	1.606613e-06	23.0228	1.625680	0.045867	1.572537e-06	23.0217	1.624265	0.045906	1.603669e-06	23.0227	Yes	No	No	Yes	No	No	No	No	No	No	No	No	No	Yes
19	B7	c3e7b517-3895-4900-b9f5-a6e010a0b462	unkn	cDNA	SYBR Green I@TELO	non-saturating DNA binding dye		indiv PCR eff is 1.521 < 1.7	0.062337	0.032734	0.226986	0.11349999999999999	0.1135	11	23	4	20.5	0.090014	1.520974	0.999983	1.662716e-05	21.0528	21.0528	1.623776	0.049100	4.350356e-06	20.9782	1.622312	0.049185	4.431553e-06	20.9791	1.626565	0.025005	4.200014e-06	20.9766	1.624132	0.024574	4.330855e-06	20.9780	1.625680	0.045867	4.247083e-06	20.9771	1.624265	0.045906	4.323624e-06	20.9780	Yes	No	No	Yes	No	Yes	Yes	No	No	No	No	No	No	Yes
20	B8	c3e7b517-3895-4900-b9f5-a6e010a0b462	unkn	cDNA	SYBR Green I@TELO	non-saturating DNA binding dye		indiv PCR eff is 1.573 < 1.7	0.058325	0.032734	0.226986	0.11349999999999999	0.1135	12	24	4	21.5	0.089746	1.572524	0.999938	5.323212e-06	22.0187	22.0187	1.623776	0.049100	2.671161e-06	21.9844	1.622312	0.049185	2.723472e-06	21.9853	1.626565	0.025005	2.574428e-06	21.9827	1.624132	0.024574	2.658604e-06	21.9842	1.625680	0.045867	2.604695e-06	21.9832	1.624265	0.045906	2.653948e-06	21.9841	Yes	No	No	Yes	No	Yes	Yes	No	No	No	No	No	No	Yes
21	B9	30173f07-0285-4593-b8d1-71a86c75fc22	unkn	cDNA	SYBR Green I@TELO	non-saturating DNA binding dye		indiv PCR eff is 1.597 < 1.7	0.058865	0.032734	0.226986	0.11349999999999999	0.1135	12	26	4	24.5	0.106547	1.596731	0.999715	1.117805e-06	24.6351	24.6351	1.623776	0.049100	7.407117e-07	24.6304	1.622312	0.049185	7.572642e-07	24.6307	1.626565	0.025005	7.102230e-07	24.6299	1.624132	0.024574	7.367452e-07	24.6303	1.625680	0.045867	7.197460e-07	24.6301	1.624265	0.045906	7.352752e-07	24.6303	Yes	No	No	Yes	No	No	No	No	No	No	No	No	No	Yes
22	B10	30173f07-0285-4593-b8d1-71a86c75fc22	unkn	cDNA	SYBR Green I@TELO	non-saturating DNA binding dye		indiv PCR eff is 1.599 < 1.7	0.059116	0.032734	0.226986	0.11349999999999999	0.1135	11	26	4	24.5	0.104957	1.599083	0.999767	1.062116e-06	24.6667	24.6667	1.623776	0.049100	7.296551e-07	24.6614	1.622312	0.049185	7.459605e-07	24.6617	1.626565	0.025005	6.996215e-07	24.6609	1.624132	0.024574	7.257478e-07	24.6614	1.625680	0.045867	7.090023e-07	24.6610	1.624265	0.045906	7.242998e-07	24.6613	Yes	No	No	Yes	No	No	No	No	No	No	No	No	No	Yes
23	B11	ccc553a6-4c3b-47c2-8eb7-15f237d9b644	unkn	cDNA	SYBR Green I@TELO	non-saturating DNA binding dye		indiv PCR eff is 1.541 < 1.7	0.059636	0.032734	0.226986	0.11349999999999999	0.1135	12	24	5	22.0	0.093347	1.541399	0.999928	6.854346e-06	22.4518	22.4518	1.623776	0.049100	2.180327e-06	22.4033	1.622312	0.049185	2.224029e-06	22.4040	1.626565	0.025005	2.099568e-06	22.4018	1.624132	0.024574	2.169840e-06	22.4031	1.625680	0.045867	2.124830e-06	22.4023	1.624265	0.045906	2.165952e-06	22.4030	Yes	No	No	Yes	No	Yes	Yes	No	No	No	No	No	No	Yes
24	B12	ccc553a6-4c3b-47c2-8eb7-15f237d9b644	unkn	cDNA	SYBR Green I@TELO	non-saturating DNA binding dye		indiv PCR eff is 1.541 < 1.7	0.060888	0.032734	0.226986	0.11349999999999999	0.1135	11	24	4	21.5	0.084135	1.540989	0.999973	7.714051e-06	22.1923	22.1923	1.623776	0.049100	2.504154e-06	22.1176	1.622312	0.049185	2.553195e-06	22.1188	1.626565	0.025005	2.413470e-06	22.1154	1.624132	0.024574	2.492382e-06	22.1173	1.625680	0.045867	2.441844e-06	22.1161	1.624265	0.045906	2.488018e-06	22.1172	Yes	No	No	Yes	No	Yes	Yes	No	No	No	No	No	No	Yes
25	C1	638ffc33-dd04-42ca-960f-5e26083b06b0	std	cDNA	SYBR Green I@TELO	non-saturating DNA binding dye		indiv PCR eff is 1.687 < 1.7	0.067583	0.032734	0.226986	0.11349999999999999	0.1135	12	22	3	20.0	0.089010	1.686510	0.999776	2.568364e-06	20.4650	20.4650	1.623776	0.049100	5.481670e-06	20.5014	1.622312	0.049185	5.581465e-06	20.5023	1.626565	0.025005	5.296772e-06	20.4996	1.624132	0.024574	5.457696e-06	20.5012	1.625680	0.045867	5.354678e-06	20.5002	1.624265	0.045906	5.448805e-06	20.5011	Yes	No	No	Yes	No	Yes	Yes	No	No	No	No	No	No	Yes
26	C2	638ffc33-dd04-42ca-960f-5e26083b06b0	std	cDNA	SYBR Green I@TELO	non-saturating DNA binding dye		indiv PCR eff is 1.670 < 1.7	0.069182	0.032734	0.226986	0.11349999999999999	0.1135	11	22	4	20.5	0.100433	1.669913	0.999353	2.733080e-06	20.7385	20.7385	1.623776	0.049100	4.853902e-06	20.7523	1.622312	0.049185	4.944497e-06	20.7528	1.626565	0.025005	4.686157e-06	20.7514	1.624132	0.024574	4.832143e-06	20.7522	1.625680	0.045867	4.738675e-06	20.7517	1.624265	0.045906	4.824075e-06	20.7522	Yes	No	No	Yes	No	No	No	No	No	No	No	No	No	Yes
27	C3	de891745-dbfb-442c-abf2-b5d96699f52c	unkn	cDNA	SYBR Green I@TELO	non-saturating DNA binding dye		indiv PCR eff is 1.621 < 1.7	0.063574	0.032734	0.226986	0.11349999999999999	0.1135	11	24	4	21.5	0.073922	1.621459	0.999977	2.268813e-06	22.3872	22.3872	1.623776	0.049100	2.200200e-06	22.3845	1.622312	0.049185	2.243288e-06	22.3862	1.626565	0.025005	2.120522e-06	22.3814	1.624132	0.024574	2.189857e-06	22.3841	1.625680	0.045867	2.145453e-06	22.3824	1.624265	0.045906	2.186022e-06	22.3840	Yes	No	No	Yes	No	No	No	No	No	No	No	No	No	Yes
28	C4	de891745-dbfb-442c-abf2-b5d96699f52c	unkn	cDNA	SYBR Green I@TELO	non-saturating DNA binding dye		indiv PCR eff is 1.648 < 1.7	0.063573	0.032734	0.226986	0.11349999999999999	0.1135	11	24	4	21.5	0.071419	1.648007	0.999789	1.545939e-06	22.4273	22.4273	1.623776	0.049100	2.125684e-06	22.4556	1.622312	0.049185	2.167313e-06	22.4574	1.626565	0.025005	2.048705e-06	22.4523	1.624132	0.024574	2.115692e-06	22.4552	1.625680	0.045867	2.072792e-06	22.4533	1.624265	0.045906	2.111987e-06	22.4550	Yes	No	No	Yes	No	No	No	No	No	No	No	No	No	Yes
29	C5	128b62c5-a4e6-4676-bff0-624736f8b9f7	unkn	cDNA	SYBR Green I@TELO	non-saturating DNA binding dye		indiv PCR eff is 1.614 < 1.7	0.066808	0.032734	0.226986	0.11349999999999999	0.1135	11	25	4	22.5	0.073455	1.613989	0.999999	1.542631e-06	23.4090	23.4090	1.623776	0.049100	1.346426e-06	23.3976	1.622312	0.049185	1.374033e-06	23.3993	1.626565	0.025005	1.295443e-06	23.3945	1.624132	0.024574	1.339803e-06	23.3972	1.625680	0.045867	1.311386e-06	23.3955	1.624265	0.045906	1.337348e-06	23.3971	Yes	No	No	Yes	No	No	No	No	No	No	No	No	No	Yes
30	C6	128b62c5-a4e6-4676-bff0-624736f8b9f7	unkn	cDNA	SYBR Green I@TELO	non-saturating DNA binding dye		indiv PCR eff is 1.606 < 1.7	0.061613	0.032734	0.226986	0.11349999999999999	0.1135	12	25	4	23.5	0.105693	1.605595	0.999691	1.554529e-06	23.6505	23.6505	1.623776	0.049100	1.193112e-06	23.6470	1.622312	0.049185	1.218674e-06	23.6473	1.626565	0.025005	1.145966e-06	23.6465	1.624132	0.024574	1.186983e-06	23.6469	1.625680	0.045867	1.160701e-06	23.6467	1.624265	0.045906	1.184711e-06	23.6469	Yes	No	No	Yes	No	No	No	No	No	No	No	No	No	Yes
31	C7	2b408077-6729-4987-9018-ed6ed09bd959	unkn	cDNA	SYBR Green I@TELO	non-saturating DNA binding dye		indiv PCR eff is 1.621 < 1.7	0.060985	0.032734	0.226986	0.11349999999999999	0.1135	11	25	4	23.5	0.109349	1.620686	0.999465	1.290897e-06	23.5772	23.5772	1.623776	0.049100	1.234378e-06	23.5769	1.622312	0.049185	1.260824e-06	23.5770	1.626565	0.025005	1.185601e-06	23.5766	1.624132	0.024574	1.228037e-06	23.5768	1.625680	0.045867	1.200845e-06	23.5767	1.624265	0.045906	1.225686e-06	23.5768	Yes	No	No	Yes	No	No	No	No	No	No	No	No	No	Yes
32	C8	2b408077-6729-4987-9018-ed6ed09bd959	unkn	cDNA	SYBR Green I@TELO	non-saturating DNA binding dye		indiv PCR eff is 1.630 < 1.7	0.060511	0.032734	0.226986	0.11349999999999999	0.1135	12	25	4	23.5	0.099055	1.629631	0.999719	1.027488e-06	23.7787	23.7787	1.623776	0.049100	1.118177e-06	23.7808	1.622312	0.049185	1.142133e-06	23.7813	1.626565	0.025005	1.073992e-06	23.7798	1.624132	0.024574	1.112433e-06	23.7807	1.625680	0.045867	1.087801e-06	23.7801	1.624265	0.045906	1.110304e-06	23.7806	Yes	No	No	Yes	No	No	No	No	No	No	No	No	No	Yes
33	C9	3f4bfaaf-8dfd-481c-b1e0-9284fd6d654f	unkn	cDNA	SYBR Green I@TELO	non-saturating DNA binding dye		indiv PCR eff is 1.639 < 1.7	0.059506	0.032734	0.226986	0.11349999999999999	0.1135	12	26	4	24.5	0.106348	1.639089	0.999373	5.874482e-07	24.6317	24.6317	1.623776	0.049100	7.393309e-07	24.6343	1.622312	0.049185	7.558525e-07	24.6345	1.626565	0.025005	7.088990e-07	24.6338	1.624132	0.024574	7.353718e-07	24.6342	1.625680	0.045867	7.184042e-07	24.6339	1.624265	0.045906	7.339045e-07	24.6342	Yes	No	No	Yes	No	No	No	No	No	No	No	No	No	Yes
34	C10	3f4bfaaf-8dfd-481c-b1e0-9284fd6d654f	unkn	cDNA	SYBR Green I@TELO	non-saturating DNA binding dye		indiv PCR eff is 1.653 < 1.7	0.059898	0.032734	0.226986	0.11349999999999999	0.1135	11	26	3	24.0	0.087475	1.653243	0.999746	5.032708e-07	24.5181	24.5181	1.623776	0.049100	7.749183e-07	24.5373	1.622312	0.049185	7.918779e-07	24.5383	1.626565	0.025005	7.436592e-07	24.5354	1.624132	0.024574	7.708530e-07	24.5370	1.625680	0.045867	7.534257e-07	24.5360	1.624265	0.045906	7.693464e-07	24.5369	Yes	No	No	Yes	No	No	No	No	No	No	No	No	No	Yes
35	C11	16c0cfe3-03a2-4ecd-ae6b-0cc33d185360	unkn	cDNA	SYBR Green I@TELO	non-saturating DNA binding dye		indiv PCR eff is 1.601 < 1.7	0.061755	0.032734	0.226986	0.11349999999999999	0.1135	12	24	4	21.5	0.088929	1.601030	0.999857	3.584708e-06	22.0184	22.0184	1.623776	0.049100	2.646856e-06	22.0033	1.622312	0.049185	2.698691e-06	22.0042	1.626565	0.025005	2.551003e-06	22.0015	1.624132	0.024574	2.634413e-06	22.0030	1.625680	0.045867	2.580995e-06	22.0021	1.624265	0.045906	2.629800e-06	22.0030	Yes	No	No	Yes	No	No	No	No	No	No	No	No	No	Yes
36	C12	16c0cfe3-03a2-4ecd-ae6b-0cc33d185360	unkn	cDNA	SYBR Green I@TELO	non-saturating DNA binding dye		indiv PCR eff is 1.589 < 1.7	0.062243	0.032734	0.226986	0.11349999999999999	0.1135	11	24	4	21.5	0.090506	1.589460	0.999967	4.263986e-06	21.9885	21.9885	1.623776	0.049100	2.693803e-06	21.9670	1.622312	0.049185	2.746558e-06	21.9679	1.626565	0.025005	2.596250e-06	21.9654	1.624132	0.024574	2.681140e-06	21.9668	1.625680	0.045867	2.626774e-06	21.9659	1.624265	0.045906	2.676445e-06	21.9667	Yes	No	No	Yes	No	No	No	No	No	No	No	No	No	Yes
37	D1	6ab692d1-cc95-49f7-8a82-e3c447d8e4c1	std	cDNA	SYBR Green I@TELO	non-saturating DNA binding dye		indiv PCR eff is 1.696 < 1.7	0.060812	0.032734	0.226986	0.11349999999999999	0.1135	11	24	4	22.5	0.090065	1.696229	0.999178	6.182380e-07	22.9377	22.9377	1.623776	0.049100	1.650888e-06	22.9771	1.622312	0.049185	1.684737e-06	22.9780	1.626565	0.025005	1.588376e-06	22.9754	1.624132	0.024574	1.642767e-06	22.9769	1.625680	0.045867	1.607924e-06	22.9759	1.624265	0.045906	1.639757e-06	22.9768	Yes	No	No	Yes	No	Yes	Yes	No	No	No	No	No	No	Yes
38	D2	6ab692d1-cc95-49f7-8a82-e3c447d8e4c1	std	cDNA	SYBR Green I@TELO	non-saturating DNA binding dye		indiv PCR eff is 1.698 < 1.7	0.062384	0.032734	0.226986	0.11349999999999999	0.1135	11	24	4	22.5	0.080664	1.698078	0.999487	5.402939e-07	23.1450	23.1450	1.623776	0.049100	1.478561e-06	23.2045	1.622312	0.049185	1.508877e-06	23.2058	1.626565	0.025005	1.422574e-06	23.2020	1.624132	0.024574	1.471288e-06	23.2042	1.625680	0.045867	1.440082e-06	23.2028	1.624265	0.045906	1.468592e-06	23.2041	Yes	No	No	Yes	No	Yes	Yes	No	No	No	No	No	No	Yes
39	D3	331d67a7-3604-4a73-8adf-30ad6100a872	unkn	cDNA	SYBR Green I@TELO	non-saturating DNA binding dye		indiv PCR eff is 1.675 < 1.7	0.062198	0.032734	0.226986	0.11349999999999999	0.1135	11	26	4	23.5	0.073040	1.675445	0.999887	3.949120e-07	24.3541	24.3541	1.623776	0.049100	8.245028e-07	24.4093	1.622312	0.049185	8.421677e-07	24.4110	1.626565	0.025005	7.919226e-07	24.4061	1.624132	0.024574	8.202673e-07	24.4089	1.625680	0.045867	8.021048e-07	24.4071	1.624265	0.045906	8.186975e-07	24.4088	Yes	No	No	Yes	No	No	No	No	No	No	No	No	No	Yes
40	D4	331d67a7-3604-4a73-8adf-30ad6100a872	unkn	cDNA	SYBR Green I@TELO	non-saturating DNA binding dye		indiv PCR eff is 1.663 < 1.7	0.062611	0.032734	0.226986	0.11349999999999999	0.1135	12	26	3	24.0	0.092347	1.662739	0.999808	4.630703e-07	24.4056	24.4056	1.623776	0.049100	8.180796e-07	24.4255	1.622312	0.049185	8.359839e-07	24.4263	1.626565	0.025005	7.850795e-07	24.4240	1.624132	0.024574	8.137880e-07	24.4253	1.625680	0.045867	7.953899e-07	24.4244	1.624265	0.045906	8.121974e-07	24.4252	Yes	No	No	Yes	No	No	No	No	No	No	No	No	No	Yes
41	D5	c55e6dc7-fcba-400f-adfe-abfb354a2092	unkn	cDNA	SYBR Green I@TELO	non-saturating DNA binding dye		indiv PCR eff is 1.632 < 1.7	0.062203	0.032734	0.226986	0.11349999999999999	0.1135	11	25	4	22.5	0.081381	1.631607	0.999869	1.338665e-06	23.1795	23.1795	1.623776	0.049100	1.491702e-06	23.1863	1.622312	0.049185	1.522287e-06	23.1875	1.626565	0.025005	1.435217e-06	23.1838	1.624132	0.024574	1.484364e-06	23.1859	1.625680	0.045867	1.452881e-06	23.1846	1.624265	0.045906	1.481644e-06	23.1858	Yes	No	No	Yes	No	No	No	No	No	No	No	No	No	Yes
42	D6	c55e6dc7-fcba-400f-adfe-abfb354a2092	unkn	cDNA	SYBR Green I@TELO	non-saturating DNA binding dye		indiv PCR eff is 1.635 < 1.7	0.064767	0.032734	0.226986	0.11349999999999999	0.1135	11	25	4	22.5	0.079442	1.635404	0.999975	1.240178e-06	23.2253	23.2253	1.623776	0.049100	1.456158e-06	23.2360	1.622312	0.049185	1.486015e-06	23.2374	1.626565	0.025005	1.401019e-06	23.2334	1.624132	0.024574	1.448995e-06	23.2357	1.625680	0.045867	1.418262e-06	23.2342	1.624265	0.045906	1.446340e-06	23.2355	Yes	No	No	Yes	No	No	No	No	No	No	No	No	No	Yes
43	D7	b2bd9af6-6132-4dbe-b144-28bcb88b1ffd	unkn	cDNA	SYBR Green I@TELO	non-saturating DNA binding dye		indiv PCR eff is 1.599 < 1.7	0.065405	0.032734	0.226986	0.11349999999999999	0.1135	11	24	4	22.5	0.105377	1.599165	0.999757	2.723606e-06	22.6582	22.6582	1.623776	0.049100	1.931547e-06	22.6532	1.622312	0.049185	1.971151e-06	22.6535	1.626565	0.025005	1.858407e-06	22.6527	1.624132	0.024574	1.922046e-06	22.6531	1.625680	0.045867	1.881279e-06	22.6528	1.624265	0.045906	1.918523e-06	22.6531	Yes	No	No	Yes	No	No	No	No	No	No	No	No	No	Yes
44	D8	b2bd9af6-6132-4dbe-b144-28bcb88b1ffd	unkn	cDNA	SYBR Green I@TELO	non-saturating DNA binding dye		indiv PCR eff is 1.592 < 1.7	0.062049	0.032734	0.226986	0.11349999999999999	0.1135	11	24	4	22.5	0.105014	1.592222	0.999648	2.993392e-06	22.6671	22.6671	1.623776	0.049100	1.924893e-06	22.6603	1.622312	0.049185	1.964361e-06	22.6606	1.626565	0.025005	1.852006e-06	22.6597	1.624132	0.024574	1.915425e-06	22.6602	1.625680	0.045867	1.874799e-06	22.6599	1.624265	0.045906	1.911915e-06	22.6602	Yes	No	No	Yes	No	No	No	No	No	No	No	No	No	Yes
45	D9	ab103d2b-18d3-4c04-a95f-b56227621ea6	unkn	cDNA	SYBR Green I@TELO	non-saturating DNA binding dye		indiv PCR eff is 1.549 < 1.7	0.061415	0.032734	0.226986	0.11349999999999999	0.1135	11	24	4	21.5	0.096820	1.549059	0.999920	7.934181e-06	21.8632	21.8632	1.623776	0.049100	2.881722e-06	21.8279	1.622312	0.049185	2.938157e-06	21.8285	1.626565	0.025005	2.777365e-06	21.8267	1.624132	0.024574	2.868176e-06	21.8277	1.625680	0.045867	2.810018e-06	21.8271	1.624265	0.045906	2.863153e-06	21.8277	Yes	No	No	Yes	No	Yes	Yes	No	No	No	No	No	No	Yes
46	D10	ab103d2b-18d3-4c04-a95f-b56227621ea6	unkn	cDNA	SYBR Green I@TELO	non-saturating DNA binding dye		indiv PCR eff is 1.553 < 1.7	0.059986	0.032734	0.226986	0.11349999999999999	0.1135	12	24	4	21.5	0.093724	1.553248	0.999954	7.247221e-06	21.9348	21.9348	1.623776	0.049100	2.789562e-06	21.8949	1.622312	0.049185	2.844192e-06	21.8957	1.626565	0.025005	2.688542e-06	21.8936	1.624132	0.024574	2.776449e-06	21.8948	1.625680	0.045867	2.720151e-06	21.8940	1.624265	0.045906	2.771587e-06	21.8947	Yes	No	No	Yes	No	Yes	Yes	No	No	No	No	No	No	Yes
47	D11	cfb9271c-4b02-4e9c-9c83-f17f3511063b	unkn	cDNA	SYBR Green I@TELO	non-saturating DNA binding dye		indiv PCR eff is 1.604 < 1.7	0.059851	0.032734	0.226986	0.11349999999999999	0.1135	12	25	4	22.5	0.080408	1.603918	0.999978	1.944026e-06	23.2296	23.2296	1.623776	0.049100	1.473868e-06	23.2111	1.622312	0.049185	1.504088e-06	23.2124	1.626565	0.025005	1.418059e-06	23.2086	1.624132	0.024574	1.466618e-06	23.2107	1.625680	0.045867	1.435511e-06	23.2093	1.624265	0.045906	1.463931e-06	23.2106	Yes	No	No	Yes	No	No	No	No	No	No	No	No	No	Yes
48	D12	cfb9271c-4b02-4e9c-9c83-f17f3511063b	unkn	cDNA	SYBR Green I@TELO	non-saturating DNA binding dye		indiv PCR eff is 1.590 < 1.7	0.056575	0.032734	0.226986	0.11349999999999999	0.1135	12	24	4	22.5	0.082201	1.589926	0.999950	2.420447e-06	23.1958	23.1958	1.623776	0.049100	1.506740e-06	23.1656	1.622312	0.049185	1.537634e-06	23.1668	1.626565	0.025005	1.449686e-06	23.1632	1.624132	0.024574	1.499328e-06	23.1653	1.625680	0.045867	1.467528e-06	23.1640	1.624265	0.045906	1.496581e-06	23.1651	Yes	No	No	Yes	No	No	No	No	No	No	No	No	No	Yes
49	E1	6eae487a-61db-4383-8536-caba145cf3d9	std	cDNA	SYBR Green I@TELO	non-saturating DNA binding dye			0.059837	0.032734	0.226986	0.11349999999999999	0.1135	11	27	3	25.0	0.096221	1.727610	0.999643	1.114616e-07	25.3021	25.3021	1.623776	0.049100	5.249458e-07	25.3407	1.622312	0.049185	5.369187e-07	25.3413	1.626565	0.025005	5.029067e-07	25.3395	1.624132	0.024574	5.220775e-07	25.3405	1.625680	0.045867	5.097884e-07	25.3399	1.624265	0.045906	5.210146e-07	25.3405	Yes	No	No	Yes	No	Yes	Yes	No	No	No	No	No	No	Yes
50	E2	6eae487a-61db-4383-8536-caba145cf3d9	std	cDNA	SYBR Green I@TELO	non-saturating DNA binding dye			0.062761	0.032734	0.226986	0.11349999999999999	0.1135	12	26	4	24.5	0.080610	1.727241	0.999702	1.233790e-07	25.1261	25.1261	1.623776	0.049100	5.603981e-07	25.2059	1.622312	0.049185	5.729211e-07	25.2072	1.626565	0.025005	5.373313e-07	25.2034	1.624132	0.024574	5.573971e-07	25.2056	1.625680	0.045867	5.445361e-07	25.2042	1.624265	0.045906	5.562850e-07	25.2054	Yes	No	No	Yes	No	Yes	Yes	No	No	No	No	No	No	Yes
51	E3	a747342f-68a9-4144-99bb-5ea9d84ff2bd	unkn	cDNA	SYBR Green I@TELO	non-saturating DNA binding dye		baseline error;instable baseline;no plateau	0.072831	0.032734	0.226986	0.11349999999999999	0.1135	6	35	0	nan	nan	nan	nan	nan	nan	nan	1.623776	0.049100	nan	nan	1.622312	0.049185	nan	nan	1.626565	0.025005	nan	nan	1.624132	0.024574	nan	nan	1.625680	0.045867	nan	nan	1.624265	0.045906	nan	nan	Yes	Yes	Yes	No	No	Yes	Yes	No	No	Yes	Yes	No	No	No
52	E4	a747342f-68a9-4144-99bb-5ea9d84ff2bd	unkn	cDNA	SYBR Green I@TELO	non-saturating DNA binding dye		baseline error;instable baseline;no plateau	0.075447	0.032734	0.226986	0.11349999999999999	0.1135	5	35	0	nan	nan	nan	nan	nan	nan	nan	1.623776	0.049100	nan	nan	1.622312	0.049185	nan	nan	1.626565	0.025005	nan	nan	1.624132	0.024574	nan	nan	1.625680	0.045867	nan	nan	1.624265	0.045906	nan	nan	Yes	Yes	Yes	No	No	Yes	Yes	No	No	Yes	Yes	No	No	No
53	E5	8de787c0-6fda-4b49-9c51-e5cdcc2525d7	unkn	cDNA	SYBR Green I@TELO	non-saturating DNA binding dye		indiv PCR eff is 1.665 < 1.7	0.060940	0.032734	0.226986	0.11349999999999999	0.1135	11	26	4	24.5	0.099538	1.665059	0.999455	3.740759e-07	24.7575	24.7575	1.623776	0.049100	6.919839e-07	24.7708	1.622312	0.049185	7.074475e-07	24.7713	1.626565	0.025005	6.635010e-07	24.7698	1.624132	0.024574	6.882784e-07	24.7707	1.625680	0.045867	6.723974e-07	24.7701	1.624265	0.045906	6.869051e-07	24.7706	Yes	No	No	Yes	No	No	No	No	No	No	No	No	No	Yes
54	E6	8de787c0-6fda-4b49-9c51-e5cdcc2525d7	unkn	cDNA	SYBR Green I@TELO	non-saturating DNA binding dye		indiv PCR eff is 1.657 < 1.7	0.063926	0.032734	0.226986	0.11349999999999999	0.1135	11	26	4	24.5	0.104235	1.657320	0.999502	4.390919e-07	24.6686	24.6686	1.623776	0.049100	7.246390e-07	24.6757	1.622312	0.049185	7.408323e-07	24.6760	1.626565	0.025005	6.948119e-07	24.6750	1.624132	0.024574	7.207585e-07	24.6756	1.625680	0.045867	7.041281e-07	24.6752	1.624265	0.045906	7.193204e-07	24.6756	Yes	No	No	Yes	No	No	No	No	No	No	No	No	No	Yes
55	E7	9ed31209-fb1d-479b-be46-0ba73b53bb51	unkn	cDNA	SYBR Green I@TELO	non-saturating DNA binding dye		indiv PCR eff is 1.625 < 1.7	0.061764	0.032734	0.226986	0.11349999999999999	0.1135	12	23	4	21.5	0.099226	1.625362	0.999646	2.891979e-06	21.7767	21.7767	1.623776	0.049100	2.953317e-06	21.7773	1.622312	0.049185	3.011154e-06	21.7778	1.626565	0.025005	2.846366e-06	21.7763	1.624132	0.024574	2.939434e-06	21.7771	1.625680	0.045867	2.879831e-06	21.7766	1.624265	0.045906	2.934286e-06	21.7771	Yes	No	No	Yes	No	No	No	No	No	No	No	No	No	Yes
56	E8	9ed31209-fb1d-479b-be46-0ba73b53bb51	unkn	cDNA	SYBR Green I@TELO	non-saturating DNA binding dye		indiv PCR eff is 1.616 < 1.7	0.059326	0.032734	0.226986	0.11349999999999999	0.1135	11	23	4	21.5	0.094653	1.615964	0.999832	3.125020e-06	21.8784	21.8784	1.623776	0.049100	2.817211e-06	21.8746	1.622312	0.049185	2.872383e-06	21.8753	1.626565	0.025005	2.715190e-06	21.8733	1.624132	0.024574	2.803968e-06	21.8744	1.625680	0.045867	2.747112e-06	21.8737	1.624265	0.045906	2.799058e-06	21.8744	Yes	No	No	Yes	No	No	No	No	No	No	No	No	No	Yes
57	E9	b6cc6432-37aa-4dfa-8658-bcc15862ba5e	unkn	cDNA	SYBR Green I@TELO	non-saturating DNA binding dye		indiv PCR eff is 1.679 < 1.7	0.059944	0.032734	0.226986	0.11349999999999999	0.1135	11	29	3	27.0	0.087676	1.678645	0.999977	7.395867e-08	27.4984	27.4984	1.623776	0.049100	1.814140e-07	27.5326	1.622312	0.049185	1.858867e-07	27.5336	1.626565	0.025005	1.732023e-07	27.5307	1.624132	0.024574	1.803437e-07	27.5323	1.625680	0.045867	1.757634e-07	27.5313	1.624265	0.045906	1.799472e-07	27.5322	Yes	No	No	Yes	No	No	Yes	No	No	No	No	No	No	Yes
58	E10	b6cc6432-37aa-4dfa-8658-bcc15862ba5e	unkn	cDNA	SYBR Green I@TELO	non-saturating DNA binding dye		indiv PCR eff is 1.681 < 1.7	0.060205	0.032734	0.226986	0.11349999999999999	0.1135	12	28	4	26.5	0.102042	1.681395	0.999121	1.067902e-07	26.7048	26.7048	1.623776	0.049100	2.690517e-07	26.7195	1.622312	0.049185	2.755608e-07	26.7199	1.626565	0.025005	2.570935e-07	26.7187	1.624132	0.024574	2.674936e-07	26.7194	1.625680	0.045867	2.608241e-07	26.7190	1.624265	0.045906	2.669164e-07	26.7194	Yes	No	No	Yes	No	Yes	Yes	No	No	No	No	No	No	Yes
59	E11	1c0b8cd5-19db-4e74-bdf6-6182308801a5	unkn	cDNA	SYBR Green I@TELO	non-saturating DNA binding dye		indiv PCR eff is 1.683 < 1.7	0.059185	0.032734	0.226986	0.11349999999999999	0.1135	11	27	3	25.0	0.085529	1.682836	0.999619	1.910178e-07	25.5436	25.5436	1.623776	0.049100	4.666167e-07	25.5837	1.622312	0.049185	4.772592e-07	25.5848	1.626565	0.025005	4.470265e-07	25.5816	1.624132	0.024574	4.640671e-07	25.5834	1.625680	0.045867	4.531435e-07	25.5823	1.624265	0.045906	4.631223e-07	25.5833	Yes	No	No	Yes	No	Yes	Yes	No	No	No	No	No	No	Yes
60	E12	1c0b8cd5-19db-4e74-bdf6-6182308801a5	unkn	cDNA	SYBR Green I@TELO	non-saturating DNA binding dye		indiv PCR eff is 1.682 < 1.7	0.058349	0.032734	0.226986	0.11349999999999999	0.1135	12	26	4	24.5	0.079230	1.681945	0.999835	2.325403e-07	25.1913	25.1913	1.623776	0.049100	5.508012e-07	25.2415	1.622312	0.049185	5.631098e-07	25.2429	1.626565	0.025005	5.281295e-07	25.2389	1.624132	0.024574	5.478517e-07	25.2412	1.625680	0.045867	5.352108e-07	25.2397	1.624265	0.045906	5.467586e-07	25.2411	Yes	No	No	Yes	No	Yes	Yes	No	No	No	No	No	No	Yes
61	F1	d013281c-cd9e-4b3b-bd3c-8b612166cec7	std	cDNA	SYBR Green I@TELO	non-saturating DNA binding dye		no plateau in positive control;indiv PCR eff is 1.688 < 1.7	0.057385	0.032734	0.226986	0.11349999999999999	0.1135	11	29	4	27.5	0.086872	1.687834	0.999757	4.867558e-08	28.0108	28.0108	1.623776	0.049100	1.410620e-07	28.0515	1.622312	0.049185	1.446051e-07	28.0526	1.626565	0.025005	nan	28.0496	1.624132	0.024574	nan	28.0513	1.625680	0.045867	1.365882e-07	28.0502	1.624265	0.045906	1.399004e-07	28.0512	Yes	No	No	No	No	Yes	Yes	No	No	No	No	No	No	No
62	F2	d013281c-cd9e-4b3b-bd3c-8b612166cec7	std	cDNA	SYBR Green I@TELO	non-saturating DNA binding dye			0.058341	0.032734	0.226986	0.11349999999999999	0.1135	11	29	3	27.0	0.087776	1.710808	0.999795	4.435464e-08	27.4786	27.4786	1.623776	0.049100	1.816218e-07	27.5302	1.622312	0.049185	1.860997e-07	27.5312	1.626565	0.025005	1.734007e-07	27.5283	1.624132	0.024574	1.805503e-07	27.5300	1.625680	0.045867	1.759647e-07	27.5289	1.624265	0.045906	1.801533e-07	27.5299	Yes	No	No	Yes	No	Yes	Yes	No	No	No	No	No	No	Yes
63	F3	d2a1ca97-7c00-4bf2-a53f-9d08e89be2f6	unkn	cDNA	SYBR Green I@TELO	non-saturating DNA binding dye		indiv PCR eff is 1.646 < 1.7	0.059483	0.032734	0.226986	0.11349999999999999	0.1135	11	25	4	23.5	0.087105	1.645648	0.999863	7.180089e-07	24.0314	24.0314	1.623776	0.049100	9.832843e-07	24.0460	1.622312	0.049185	1.004351e-06	24.0470	1.626565	0.025005	9.444299e-07	24.0441	1.624132	0.024574	9.782332e-07	24.0458	1.625680	0.045867	9.565729e-07	24.0447	1.624265	0.045906	9.763610e-07	24.0457	Yes	No	No	Yes	No	No	No	No	No	No	No	No	No	Yes
64	F4	d2a1ca97-7c00-4bf2-a53f-9d08e89be2f6	unkn	cDNA	SYBR Green I@TELO	non-saturating DNA binding dye		indiv PCR eff is 1.640 < 1.7	0.062783	0.032734	0.226986	0.11349999999999999	0.1135	10	25	4	23.5	0.097224	1.640022	0.999773	8.685779e-07	23.8129	23.8129	1.623776	0.049100	1.097509e-06	23.8193	1.622312	0.049185	1.121023e-06	23.8199	1.626565	0.025005	1.054141e-06	23.8182	1.624132	0.024574	1.091872e-06	23.8192	1.625680	0.045867	1.067695e-06	23.8185	1.624265	0.045906	1.089782e-06	23.8191	Yes	No	No	Yes	No	No	No	No	No	No	No	No	No	Yes
65	F5	87a6da35-04f8-48df-be23-a8902dcdd146	unkn	cDNA	SYBR Green I@TELO	non-saturating DNA binding dye		indiv PCR eff is 1.691 < 1.7	0.059459	0.032734	0.226986	0.11349999999999999	0.1135	11	26	3	24.0	0.086095	1.690628	0.999944	2.896184e-07	24.5263	24.5263	1.623776	0.049100	7.626930e-07	24.5701	1.622312	0.049185	7.793850e-07	24.5711	1.626565	0.025005	7.319271e-07	24.5681	1.624132	0.024574	7.586919e-07	24.5698	1.625680	0.045867	7.415394e-07	24.5687	1.624265	0.045906	7.572090e-07	24.5697	Yes	No	No	Yes	No	Yes	Yes	No	No	No	No	No	No	Yes
66	F6	87a6da35-04f8-48df-be23-a8902dcdd146	unkn	cDNA	SYBR Green I@TELO	non-saturating DNA binding dye		indiv PCR eff is 1.692 < 1.7	0.060651	0.032734	0.226986	0.11349999999999999	0.1135	12	26	3	24.0	0.085661	1.691579	0.999986	2.842918e-07	24.5353	24.5353	1.623776	0.049100	7.588447e-07	24.5805	1.622312	0.049185	7.754525e-07	24.5816	1.626565	0.025005	7.282340e-07	24.5785	1.624132	0.024574	7.548638e-07	24.5803	1.625680	0.045867	7.377978e-07	24.5791	1.624265	0.045906	7.533883e-07	24.5802	Yes	No	No	Yes	No	Yes	Yes	No	No	No	No	No	No	Yes
67	F7	6fe0fd47-90f8-4431-92bf-e7415d248d87	unkn	cDNA	SYBR Green I@TELO	non-saturating DNA binding dye		indiv PCR eff is 1.634 < 1.7	0.062563	0.032734	0.226986	0.11349999999999999	0.1135	11	23	4	20.5	0.074435	1.633805	0.999934	3.170843e-06	21.3594	21.3594	1.623776	0.049100	3.597407e-06	21.3703	1.622312	0.049185	3.664551e-06	21.3719	1.626565	0.025005	3.473085e-06	21.3672	1.624132	0.024574	3.581281e-06	21.3699	1.625680	0.045867	3.512008e-06	21.3682	1.624265	0.045906	3.575301e-06	21.3698	Yes	No	No	Yes	No	No	No	No	No	No	No	No	No	Yes
68	F8	6fe0fd47-90f8-4431-92bf-e7415d248d87	unkn	cDNA	SYBR Green I@TELO	non-saturating DNA binding dye		indiv PCR eff is 1.634 < 1.7	0.060829	0.032734	0.226986	0.11349999999999999	0.1135	12	23	4	20.5	0.074466	1.634241	0.999872	3.154835e-06	21.3581	21.3581	1.623776	0.049100	3.598909e-06	21.3694	1.622312	0.049185	3.666080e-06	21.3711	1.626565	0.025005	3.474535e-06	21.3664	1.624132	0.024574	3.582776e-06	21.3690	1.625680	0.045867	3.513474e-06	21.3673	1.624265	0.045906	3.576793e-06	21.3689	Yes	No	No	Yes	No	No	No	No	No	No	No	No	No	Yes
69	F9	2b383862-e744-4ac1-a766-696dbe522966	unkn	cDNA	SYBR Green I@TELO	non-saturating DNA binding dye		no plateau;indiv PCR eff is 1.656 < 1.7	0.059378	0.032734	0.226986	0.11349999999999999	0.1135	11	29	4	27.5	0.082901	1.656042	0.999693	7.836065e-08	28.1228	28.1228	1.623776	0.049100	1.346139e-07	28.1481	1.622312	0.049185	1.379950e-07	28.1493	1.626565	0.025005	1.284104e-07	28.1458	1.624132	0.024574	1.338051e-07	28.1478	1.625680	0.045867	1.303446e-07	28.1465	1.624265	0.045906	1.335054e-07	28.1477	Yes	No	No	No	No	No	No	No	No	No	No	No	No	No
70	F10	2b383862-e744-4ac1-a766-696dbe522966	unkn	cDNA	SYBR Green I@TELO	non-saturating DNA binding dye		no plateau;indiv PCR eff is 1.658 < 1.7	0.060330	0.032734	0.226986	0.11349999999999999	0.1135	11	29	4	27.5	0.083452	1.657757	0.999774	7.666693e-08	28.1084	28.1084	1.623776	0.049100	1.355075e-07	28.1344	1.622312	0.049185	1.389111e-07	28.1356	1.626565	0.025005	1.292628e-07	28.1322	1.624132	0.024574	1.346933e-07	28.1341	1.625680	0.045867	1.312098e-07	28.1329	1.624265	0.045906	1.343917e-07	28.1340	Yes	No	No	No	No	No	No	No	No	No	No	No	No	No
71	F11	01f1f800-0cf8-47fa-bfe4-154820ccdafd	unkn	cDNA	SYBR Green I@TELO	non-saturating DNA binding dye		indiv PCR eff is 1.644 < 1.7	0.058983	0.032734	0.226986	0.11349999999999999	0.1135	12	25	4	22.5	0.074198	1.644275	0.999874	1.025572e-06	23.3547	23.3547	1.623776	0.049100	1.360043e-06	23.3769	1.622312	0.049185	1.387929e-06	23.3785	1.626565	0.025005	1.308544e-06	23.3738	1.624132	0.024574	1.353353e-06	23.3765	1.625680	0.045867	1.324648e-06	23.3748	1.624265	0.045906	1.350873e-06	23.3763	Yes	No	No	Yes	No	No	No	No	No	No	No	No	No	Yes
72	F12	01f1f800-0cf8-47fa-bfe4-154820ccdafd	unkn	cDNA	SYBR Green I@TELO	non-saturating DNA binding dye		indiv PCR eff is 1.638 < 1.7	0.056960	0.032734	0.226986	0.11349999999999999	0.1135	12	25	3	23.0	0.088511	1.638266	1.000000	1.037897e-06	23.5038	23.5038	1.623776	0.049100	1.273195e-06	23.5130	1.622312	0.049185	1.299886e-06	23.5139	1.626565	0.025005	1.223934e-06	23.5112	1.624132	0.024574	1.266793e-06	23.5128	1.625680	0.045867	1.239334e-06	23.5118	1.624265	0.045906	1.264420e-06	23.5127	Yes	No	No	Yes	No	No	No	No	No	No	No	No	No	Yes
73	G1	e4fce78a-063f-4d18-bda9-639d4753c435	pos	cDNA	SYBR Green I@TELO	non-saturating DNA binding dye		indiv PCR eff is 1.604 < 1.7	0.058719	0.032734	0.226986	0.11349999999999999	0.1135	11	22	4	20.5	0.095390	1.603875	0.999855	5.936222e-06	20.8679	20.8679	1.623776	0.049100	4.610168e-06	20.8586	1.622312	0.049185	4.696214e-06	20.8593	1.626565	0.025005	4.450847e-06	20.8573	1.624132	0.024574	4.589502e-06	20.8584	1.625680	0.045867	4.500727e-06	20.8577	1.624265	0.045906	4.581839e-06	20.8584	Yes	No	No	Yes	No	No	No	No	No	No	No	No	No	Yes
74	G2	e4fce78a-063f-4d18-bda9-639d4753c435	pos	cDNA	SYBR Green I@TELO	non-saturating DNA binding dye		indiv PCR eff is 1.613 < 1.7	0.061981	0.032734	0.226986	0.11349999999999999	0.1135	11	23	4	20.5	0.093495	1.613024	0.999697	5.177873e-06	20.9055	20.9055	1.623776	0.049100	4.518579e-06	20.9000	1.622312	0.049185	4.602916e-06	20.9007	1.626565	0.025005	4.362423e-06	20.8986	1.624132	0.024574	4.498324e-06	20.8998	1.625680	0.045867	4.411312e-06	20.8990	1.624265	0.045906	4.490813e-06	20.8997	Yes	No	No	Yes	No	No	No	No	No	No	No	No	No	Yes
75	G3	6011003b-4ef4-439c-a995-1ffd48c995c7	unkn	cDNA	SYBR Green I@TELO	non-saturating DNA binding dye		indiv PCR eff is 1.643 < 1.7	0.060820	0.032734	0.226986	0.11349999999999999	0.1135	12	25	4	22.5	0.079002	1.643041	0.999833	1.110573e-06	23.2297	23.2297	1.623776	0.049100	1.448100e-06	23.2474	1.622312	0.049185	1.477792e-06	23.2488	1.626565	0.025005	1.393267e-06	23.2448	1.624132	0.024574	1.440977e-06	23.2471	1.625680	0.045867	1.410414e-06	23.2456	1.624265	0.045906	1.438336e-06	23.2470	Yes	No	No	Yes	No	No	No	No	No	No	No	No	No	Yes
76	G4	6011003b-4ef4-439c-a995-1ffd48c995c7	unkn	cDNA	SYBR Green I@TELO	non-saturating DNA binding dye		indiv PCR eff is 1.649 < 1.7	0.060281	0.032734	0.226986	0.11349999999999999	0.1135	11	25	4	22.5	0.079977	1.648517	0.999850	1.043189e-06	23.2003	23.2003	1.623776	0.049100	1.465979e-06	23.2221	1.622312	0.049185	1.496037e-06	23.2235	1.626565	0.025005	1.410468e-06	23.2196	1.624132	0.024574	1.458768e-06	23.2218	1.625680	0.045867	1.427827e-06	23.2204	1.624265	0.045906	1.456095e-06	23.2217	Yes	No	No	Yes	No	No	No	No	No	No	No	No	No	Yes
77	G5	a12d6159-064f-4cff-b2b3-996ae1dd7319	unkn	cDNA	SYBR Green I@TELO	non-saturating DNA binding dye		indiv PCR eff is 1.590 < 1.7	0.061800	0.032734	0.226986	0.11349999999999999	0.1135	11	22	4	20.5	0.104612	1.589510	0.999832	7.828589e-06	20.6760	20.6760	1.623776	0.049100	5.055851e-06	20.6682	1.622312	0.049185	5.150216e-06	20.6685	1.626565	0.025005	4.881127e-06	20.6676	1.624132	0.024574	5.033187e-06	20.6681	1.625680	0.045867	4.935830e-06	20.6678	1.624265	0.045906	5.024783e-06	20.6681	Yes	No	No	Yes	No	No	No	No	No	No	No	No	No	Yes
78	G6	a12d6159-064f-4cff-b2b3-996ae1dd7319	unkn	cDNA	SYBR Green I@TELO	non-saturating DNA binding dye		indiv PCR eff is 1.595 < 1.7	0.062489	0.032734	0.226986	0.11349999999999999	0.1135	12	22	4	20.5	0.097508	1.594529	0.999849	6.840317e-06	20.8255	20.8255	1.623776	0.049100	4.712527e-06	20.8133	1.622312	0.049185	4.800484e-06	20.8139	1.626565	0.025005	4.549668e-06	20.8122	1.624132	0.024574	4.691402e-06	20.8131	1.625680	0.045867	4.600656e-06	20.8125	1.624265	0.045906	4.683569e-06	20.8131	Yes	No	No	Yes	No	No	No	No	No	No	No	No	No	Yes
79	G7	dfa12e65-7ddd-4387-8c7b-4e0035ce0570	unkn	cDNA	SYBR Green I@TELO	non-saturating DNA binding dye		indiv PCR eff is 1.664 < 1.7	0.058684	0.032734	0.226986	0.11349999999999999	0.1135	12	24	4	22.5	0.088820	1.663610	0.999600	9.437394e-07	22.9817	22.9817	1.623776	0.049100	1.628065e-06	23.0058	1.622312	0.049185	1.661447e-06	23.0067	1.626565	0.025005	1.566417e-06	23.0040	1.624132	0.024574	1.620057e-06	23.0056	1.625680	0.045867	1.585695e-06	23.0046	1.624265	0.045906	1.617088e-06	23.0055	Yes	No	No	Yes	No	No	No	No	No	No	No	No	No	Yes
80	G8	dfa12e65-7ddd-4387-8c7b-4e0035ce0570	unkn	cDNA	SYBR Green I@TELO	non-saturating DNA binding dye		indiv PCR eff is 1.662 < 1.7	0.058766	0.032734	0.226986	0.11349999999999999	0.1135	11	24	4	22.5	0.089621	1.661541	0.999590	9.792933e-07	22.9652	22.9652	1.623776	0.049100	1.642742e-06	22.9873	1.622312	0.049185	1.676425e-06	22.9882	1.626565	0.025005	1.580538e-06	22.9856	1.624132	0.024574	1.634662e-06	22.9871	1.625680	0.045867	1.599990e-06	22.9861	1.624265	0.045906	1.631666e-06	22.9870	Yes	No	No	Yes	No	No	No	No	No	No	No	No	No	Yes
81	G9	21408b56-e5e5-4695-b9e6-9425a51a5dd9	unkn	cDNA	SYBR Green I@TELO	non-saturating DNA binding dye		indiv PCR eff is 1.635 < 1.7	0.059434	0.032734	0.226986	0.11349999999999999	0.1135	12	25	4	23.5	0.104408	1.635449	0.999501	9.960105e-07	23.6697	23.6697	1.623776	0.049100	1.178603e-06	23.6722	1.622312	0.049185	1.203854e-06	23.6726	1.626565	0.025005	1.132030e-06	23.6716	1.624132	0.024574	1.172548e-06	23.6722	1.625680	0.045867	1.146586e-06	23.6718	1.624265	0.045906	1.170304e-06	23.6721	Yes	No	No	Yes	No	No	No	No	No	No	No	No	No	Yes
82	G10	21408b56-e5e5-4695-b9e6-9425a51a5dd9	unkn	cDNA	SYBR Green I@TELO	non-saturating DNA binding dye		indiv PCR eff is 1.632 < 1.7	0.060695	0.032734	0.226986	0.11349999999999999	0.1135	11	25	4	23.5	0.102530	1.632056	0.999549	1.027016e-06	23.7075	23.7075	1.623776	0.049100	1.157405e-06	23.7097	1.622312	0.049185	1.182202e-06	23.7101	1.626565	0.025005	1.111670e-06	23.7089	1.624132	0.024574	1.151459e-06	23.7096	1.625680	0.045867	1.125963e-06	23.7092	1.624265	0.045906	1.149255e-06	23.7096	Yes	No	No	Yes	No	No	No	No	No	No	No	No	No	Yes
83	G11	8c1a2d8d-4628-4156-b47b-caa43d56b521	unkn	cDNA	SYBR Green I@TELO	non-saturating DNA binding dye		indiv PCR eff is 1.649 < 1.7	0.060993	0.032734	0.226986	0.11349999999999999	0.1135	12	25	4	23.5	0.078265	1.649085	0.999718	6.142603e-07	24.2431	24.2431	1.623776	0.049100	8.834859e-07	24.2668	1.622312	0.049185	9.024145e-07	24.2682	1.626565	0.025005	8.485750e-07	24.2641	1.624132	0.024574	8.789475e-07	24.2664	1.625680	0.045867	8.594857e-07	24.2649	1.624265	0.045906	8.772653e-07	24.2663	Yes	No	No	Yes	No	No	No	No	No	No	No	No	No	Yes
84	G12	8c1a2d8d-4628-4156-b47b-caa43d56b521	unkn	cDNA	SYBR Green I@TELO	non-saturating DNA binding dye		indiv PCR eff is 1.638 < 1.7	0.058414	0.032734	0.226986	0.11349999999999999	0.1135	12	26	4	23.5	0.081217	1.638195	0.999839	7.448308e-07	24.1780	24.1780	1.623776	0.049100	9.168117e-07	24.1904	1.622312	0.049185	9.364543e-07	24.1917	1.626565	0.025005	8.805840e-07	24.1880	1.624132	0.024574	9.121021e-07	24.1901	1.625680	0.045867	8.919061e-07	24.1887	1.624265	0.045906	9.103564e-07	24.1900	Yes	No	No	Yes	No	No	No	No	No	No	No	No	No	Yes
85	H1	54ac89e9-060f-41a8-9345-06aa3ec0b46b	ntc	cDNA	SYBR Green I@TELO	non-saturating DNA binding dye	amplification in negative control;baseline error		0.065846	0.032734	0.226986	0.11349999999999999	0.1135	7	35	0	nan	nan	nan	nan	nan	nan	nan	1.623776	0.049100	nan	nan	1.622312	0.049185	nan	nan	1.626565	0.025005	nan	nan	1.624132	0.024574	nan	nan	1.625680	0.045867	nan	nan	1.624265	0.045906	nan	nan	Yes	Yes	Yes	No	No	Yes	Yes	No	No	Yes	Yes	No	No	No
86	H2	54ac89e9-060f-41a8-9345-06aa3ec0b46b	ntc	cDNA	SYBR Green I@TELO	non-saturating DNA binding dye	amplification in negative control;baseline error		0.066896	0.032734	0.226986	0.11349999999999999	0.1135	7	35	0	nan	nan	nan	nan	nan	nan	nan	1.623776	0.049100	nan	nan	1.622312	0.049185	nan	nan	1.626565	0.025005	nan	nan	1.624132	0.024574	nan	nan	1.625680	0.045867	nan	nan	1.624265	0.045906	nan	nan	Yes	Yes	Yes	No	No	Yes	Yes	No	No	Yes	Yes	No	No	No
87	H3	b6791436-d5bd-47f2-bac1-bb9e41348890	unkn	cDNA	SYBR Green I@TELO	non-saturating DNA binding dye		indiv PCR eff is 1.612 < 1.7	0.060573	0.032734	0.226986	0.11349999999999999	0.1135	11	23	4	20.5	0.078064	1.612370	0.999934	4.359378e-06	21.2835	21.2835	1.623776	0.049100	3.772816e-06	21.2721	1.622312	0.049185	3.843233e-06	21.2735	1.626565	0.025005	3.642432e-06	21.2694	1.624132	0.024574	3.755903e-06	21.2717	1.625680	0.045867	3.683253e-06	21.2702	1.624265	0.045906	3.749632e-06	21.2716	Yes	No	No	Yes	No	No	No	No	No	No	No	No	No	Yes
88	H4	b6791436-d5bd-47f2-bac1-bb9e41348890	unkn	cDNA	SYBR Green I@TELO	non-saturating DNA binding dye		indiv PCR eff is 1.618 < 1.7	0.059768	0.032734	0.226986	0.11349999999999999	0.1135	11	23	4	20.5	0.079003	1.617868	0.999926	4.114459e-06	21.2531	21.2531	1.623776	0.049100	3.818191e-06	21.2474	1.622312	0.049185	3.889455e-06	21.2488	1.626565	0.025005	3.686239e-06	21.2448	1.624132	0.024574	3.801075e-06	21.2471	1.625680	0.045867	3.727550e-06	21.2456	1.624265	0.045906	3.794728e-06	21.2470	Yes	No	No	Yes	No	No	No	No	No	No	No	No	No	Yes
89	H5	c1aeb13d-c167-4591-8ac0-16a5f0d78742	unkn	cDNA	SYBR Green I@TELO	non-saturating DNA binding dye		indiv PCR eff is 1.636 < 1.7	0.057202	0.032734	0.226986	0.11349999999999999	0.1135	11	23	4	21.5	0.104069	1.635712	0.999401	2.646234e-06	21.6763	21.6763	1.623776	0.049100	3.097483e-06	21.6789	1.622312	0.049185	3.158144e-06	21.6793	1.626565	0.025005	2.985312e-06	21.6783	1.624132	0.024574	3.082923e-06	21.6789	1.625680	0.045867	3.020410e-06	21.6785	1.624265	0.045906	3.077524e-06	21.6788	Yes	No	No	Yes	No	No	No	No	No	No	No	No	No	Yes
90	H6	c1aeb13d-c167-4591-8ac0-16a5f0d78742	unkn	cDNA	SYBR Green I@TELO	non-saturating DNA binding dye		indiv PCR eff is 1.633 < 1.7	0.059798	0.032734	0.226986	0.11349999999999999	0.1135	11	23	4	21.5	0.103624	1.632571	0.999653	2.746047e-06	21.6857	21.6857	1.623776	0.049100	3.084228e-06	21.6878	1.622312	0.049185	3.144628e-06	21.6881	1.626565	0.025005	2.972536e-06	21.6871	1.624132	0.024574	3.069729e-06	21.6877	1.625680	0.045867	3.007484e-06	21.6873	1.624265	0.045906	3.064354e-06	21.6877	Yes	No	No	Yes	No	No	No	No	No	No	No	No	No	Yes
91	H7	5a5eef3c-5678-4ce1-847b-6ab30d9ffb09	unkn	cDNA	SYBR Green I@TELO	non-saturating DNA binding dye		indiv PCR eff is 1.636 < 1.7	0.062231	0.032734	0.226986	0.11349999999999999	0.1135	12	24	4	21.5	0.082002	1.635687	0.999800	2.085790e-06	22.1606	22.1606	1.623776	0.049100	2.440678e-06	22.1706	1.622312	0.049185	2.488476e-06	22.1718	1.626565	0.025005	2.352292e-06	22.1682	1.624132	0.024574	2.429205e-06	22.1703	1.625680	0.045867	2.379948e-06	22.1689	1.624265	0.045906	2.424951e-06	22.1702	Yes	No	No	Yes	No	No	No	No	No	No	No	No	No	Yes
92	H8	5a5eef3c-5678-4ce1-847b-6ab30d9ffb09	unkn	cDNA	SYBR Green I@TELO	non-saturating DNA binding dye		indiv PCR eff is 1.637 < 1.7	0.058486	0.032734	0.226986	0.11349999999999999	0.1135	12	24	4	21.5	0.083450	1.636786	0.999813	2.092178e-06	22.1242	22.1242	1.623776	0.049100	2.483764e-06	22.1345	1.622312	0.049185	2.532405e-06	22.1356	1.626565	0.025005	2.393818e-06	22.1322	1.624132	0.024574	2.472088e-06	22.1342	1.625680	0.045867	2.421961e-06	22.1329	1.624265	0.045906	2.467759e-06	22.1341	Yes	No	No	Yes	No	No	No	No	No	No	No	No	No	Yes
93	H9	b9309c0d-9b8b-44f2-a97a-a72c52e374d6	unkn	cDNA	SYBR Green I@TELO	non-saturating DNA binding dye		indiv PCR eff is 1.617 < 1.7	0.058556	0.032734	0.226986	0.11349999999999999	0.1135	12	25	4	22.5	0.078857	1.616928	0.999913	1.589645e-06	23.2578	23.2578	1.623776	0.049100	1.445450e-06	23.2512	1.622312	0.049185	1.475088e-06	23.2526	1.626565	0.025005	1.390717e-06	23.2486	1.624132	0.024574	1.438340e-06	23.2509	1.625680	0.045867	1.407833e-06	23.2494	1.624265	0.045906	1.435704e-06	23.2508	Yes	No	No	Yes	No	No	No	No	No	No	No	No	No	Yes
94	H10	b9309c0d-9b8b-44f2-a97a-a72c52e374d6	unkn	cDNA	SYBR Green I@TELO	non-saturating DNA binding dye		indiv PCR eff is 1.623 < 1.7	0.057975	0.032734	0.226986	0.11349999999999999	0.1135	11	25	4	22.5	0.075363	1.623344	0.999825	1.389695e-06	23.3452	23.3452	1.623776	0.049100	1.381393e-06	23.3447	1.622312	0.049185	1.409717e-06	23.3463	1.626565	0.025005	1.329086e-06	23.3418	1.624132	0.024574	1.374598e-06	23.3444	1.625680	0.045867	1.345443e-06	23.3427	1.624265	0.045906	1.372079e-06	23.3442	Yes	No	No	Yes	No	No	No	No	No	No	No	No	No	Yes
95	H11	baf45e1b-a768-49ab-a163-f771333fc93c	unkn	cDNA	SYBR Green I@TELO	non-saturating DNA binding dye		indiv PCR eff is 1.467 < 1.7	0.074525	0.032734	0.226986	0.11349999999999999	0.1135	11	18	5	15.0	0.092321	1.467383	0.999962	2.931896e-04	15.5386	15.5386	1.623776	0.049100	6.418130e-05	15.4260	1.622312	0.049185	6.505565e-05	15.4268	1.626565	0.025005	6.255072e-05	15.4245	1.624132	0.024574	6.397066e-05	15.4259	1.625680	0.045867	6.306289e-05	15.4250	1.624265	0.045906	6.389249e-05	15.4258	Yes	No	No	Yes	No	Yes	Yes	No	No	No	No	No	No	Yes
96	H12	baf45e1b-a768-49ab-a163-f771333fc93c	unkn	cDNA	SYBR Green I@TELO	non-saturating DNA binding dye		indiv PCR eff is 1.451 < 1.7;PCR efficiency outlier;indiv PCR eff is lower than mean PCR eff by 0.174	0.074458	0.032734	0.226986	0.11349999999999999	0.1135	11	17	5	15.0	0.100026	1.450501	0.999978	3.778719e-04	15.3398	15.3398	1.623776	0.049100	6.953768e-05	15.2607	1.622312	0.049185	7.048499e-05	15.2612	1.626565	0.025005	6.777102e-05	15.2598	1.624132	0.024574	6.930946e-05	15.2606	1.625680	0.045867	6.832592e-05	15.2601	1.624265	0.045906	6.922476e-05	15.2605	Yes	No	No	Yes	No	Yes	Yes	Yes	Yes	No	No	No	No	Yes
