id	well	sample	sample type	sample nucleotide	target	target chemistry	excluded	note	baseline	lower limit	upper limit	common threshold	group threshold	n in log phase	last log cycle	n included	log lin cycle	log lin fluorescence	indiv PCR eff	R2	N0 (indiv eff - for debug use)	Cq (indiv eff - for debug use)	Cq with group threshold (indiv eff - for debug use)	mean PCR eff	standard error of the mean PCR eff	N0 (mean eff)	Cq (mean eff)	mean PCR eff - no plateau	standard error of the mean PCR eff - no plateau	N0 (mean eff) - no plateau	Cq (mean eff) - no plateau	mean PCR eff - mean efficiency	standard error of the mean PCR eff - mean efficiency	N0 (mean eff) - mean efficiency	Cq (mean eff) - mean efficiency	mean PCR eff - no plateau - mean efficiency	standard error of the mean PCR eff - no plateau - mean efficiency	N0 (mean eff) - no plateau - mean efficiency	Cq (mean eff) - no plateau - mean efficiency	mean PCR eff - stat efficiency	standard error of the mean PCR eff - stat efficiency	N0 (mean eff) - stat efficiency	Cq (mean eff) - stat efficiency	mean PCR eff - no plateau - stat efficiency	standard error of the stat PCR eff - no plateau - stat efficiency	N0 (mean eff) - no plateau - stat efficiency	Cq (mean eff) - no plateau - stat efficiency	amplification	baseline error	instable baseline	plateau	noisy sample	PCR efficiency outside mean rage	PCR efficiency outside mean rage - no plateau	PCR efficiency outlier	PCR efficiency outlier - no plateau	short log lin phase	Cq is shifting	too low Cq eff	too low Cq N0	used for W-o-L setting
1	A1	a835ba8e-8db7-452d-a373-f34c9a03b951	unkn	cDNA	SYBR Green I@TELO	non-saturating DNA binding dye		indiv PCR eff is 1.387 < 1.7	0.046424	0.042073	0.192752	0.09650000000000002	0.0965	12	18	5	16.0	0.095363	1.387062	0.999870	5.079772e-04	16.0362	16.0362	1.461461	0.063107	2.201836e-04	16.0312	1.461461	0.063107	2.201836e-04	16.0312	1.440285	0.024997	2.781004e-04	16.0325	1.440285	0.024997	2.781004e-04	16.0325	1.461461	0.063107	2.201836e-04	16.0312	1.461461	0.063107	2.201836e-04	16.0312	Yes	No	No	Yes	No	Yes	Yes	No	No	No	No	No	No	Yes
2	A2	a835ba8e-8db7-452d-a373-f34c9a03b951	unkn	cDNA	SYBR Green I@TELO	non-saturating DNA binding dye		indiv PCR eff is 1.391 < 1.7	0.050458	0.042073	0.192752	0.09650000000000002	0.0965	12	18	4	15.5	0.089284	1.390929	0.999955	5.364746e-04	15.7355	15.7355	1.461461	0.063107	2.492146e-04	15.7048	1.461461	0.063107	2.492146e-04	15.7048	1.440285	0.024997	3.124790e-04	15.7130	1.440285	0.024997	3.124790e-04	15.7130	1.461461	0.063107	2.492146e-04	15.7048	1.461461	0.063107	2.492146e-04	15.7048	Yes	No	No	Yes	No	Yes	Yes	No	No	No	No	No	No	Yes
3	A3	c4d7b056-487e-41d1-829d-53d05c72e342	unkn	cDNA	SYBR Green I@TELO	non-saturating DNA binding dye		indiv PCR eff is 1.416 < 1.7	0.050808	0.042073	0.192752	0.09650000000000002	0.0965	11	19	4	16.5	0.085797	1.415684	0.999951	2.770312e-04	16.8382	16.8382	1.461461	0.063107	1.638649e-04	16.8098	1.461461	0.063107	1.638649e-04	16.8098	1.440285	0.024997	2.084836e-04	16.8222	1.440285	0.024997	2.084836e-04	16.8222	1.461461	0.063107	1.638649e-04	16.8098	1.461461	0.063107	1.638649e-04	16.8098	Yes	No	No	Yes	No	No	No	No	No	No	No	No	No	Yes
4	A4	c4d7b056-487e-41d1-829d-53d05c72e342	unkn	cDNA	SYBR Green I@TELO	non-saturating DNA binding dye		indiv PCR eff is 1.267 < 1.7	0.065839	0.042073	0.192752	0.09650000000000002	0.0965	11	19	7	14.0	0.090216	1.266650	0.999990	3.296774e-03	14.2849	14.2849	1.461461	0.063107	4.449003e-04	14.1775	1.461461	0.063107	4.449003e-04	14.1775	1.440285	0.024997	5.457607e-04	14.1846	1.440285	0.024997	5.457607e-04	14.1846	1.461461	0.063107	4.449003e-04	14.1775	1.461461	0.063107	4.449003e-04	14.1775	Yes	No	No	Yes	No	Yes	Yes	No	No	Yes	No	No	No	No
5	A5	a3b387b1-30bd-4d4a-94a5-0fb5404f5c47	unkn	cDNA	SYBR Green I@TELO	non-saturating DNA binding dye		indiv PCR eff is 1.572 < 1.7	0.052331	0.042073	0.192752	0.09650000000000002	0.0965	11	20	4	18.5	0.094007	1.571563	0.999380	2.192918e-05	18.5579	18.5579	1.461461	0.063107	8.406203e-05	18.5690	1.461461	0.063107	8.406203e-05	18.5690	1.440285	0.024997	1.101192e-04	18.5717	1.440285	0.024997	1.101192e-04	18.5717	1.461461	0.063107	8.406203e-05	18.5690	1.461461	0.063107	8.406203e-05	18.5690	Yes	No	No	Yes	No	Yes	Yes	No	No	No	No	No	No	Yes
6	A6	a3b387b1-30bd-4d4a-94a5-0fb5404f5c47	unkn	cDNA	SYBR Green I@TELO	non-saturating DNA binding dye		indiv PCR eff is 1.570 < 1.7	0.052823	0.042073	0.192752	0.09650000000000002	0.0965	11	20	4	18.5	0.089292	1.569518	0.999569	2.133699e-05	18.6722	18.6722	1.461461	0.063107	7.984524e-05	18.7046	1.461461	0.063107	7.984524e-05	18.7046	1.440285	0.024997	1.045953e-04	18.7128	1.440285	0.024997	1.045953e-04	18.7128	1.461461	0.063107	7.984524e-05	18.7046	1.461461	0.063107	7.984524e-05	18.7046	Yes	No	No	Yes	No	Yes	Yes	No	No	No	No	No	No	Yes
7	A7	e1b35d8a-01c3-4346-8eb5-9d8ef8b7d230	unkn	cDNA	SYBR Green I@TELO	non-saturating DNA binding dye		indiv PCR eff is 1.402 < 1.7	0.053625	0.042073	0.192752	0.09650000000000002	0.0965	11	19	5	16.0	0.089712	1.401781	0.999917	4.036121e-04	16.2160	16.2160	1.461461	0.063107	2.071356e-04	16.1922	1.461461	0.063107	2.071356e-04	16.1922	1.440285	0.024997	2.616204e-04	16.1999	1.440285	0.024997	2.616204e-04	16.1999	1.461461	0.063107	2.071356e-04	16.1922	1.461461	0.063107	2.071356e-04	16.1922	Yes	No	No	Yes	No	No	No	No	No	No	No	No	No	Yes
8	A8	e1b35d8a-01c3-4346-8eb5-9d8ef8b7d230	unkn	cDNA	SYBR Green I@TELO	non-saturating DNA binding dye		indiv PCR eff is 1.402 < 1.7	0.047528	0.042073	0.192752	0.09650000000000002	0.0965	12	19	4	16.5	0.098121	1.401912	0.999941	3.722801e-04	16.4507	16.4507	1.461461	0.063107	1.874021e-04	16.4561	1.461461	0.063107	1.874021e-04	16.4561	1.440285	0.024997	2.384297e-04	16.4543	1.440285	0.024997	2.384297e-04	16.4543	1.461461	0.063107	1.874021e-04	16.4561	1.461461	0.063107	1.874021e-04	16.4561	Yes	No	No	Yes	No	No	No	No	No	No	No	No	No	Yes
9	A9	d5c2f25c-ad4c-422b-9778-a767d1e02f41	unkn	cDNA	SYBR Green I@TELO	non-saturating DNA binding dye		indiv PCR eff is 1.396 < 1.7	0.047101	0.042073	0.192752	0.09650000000000002	0.0965	12	18	5	16.0	0.086101	1.396423	0.999867	4.118448e-04	16.3415	16.3415	1.461461	0.063107	1.987983e-04	16.3005	1.461461	0.063107	1.987983e-04	16.3005	1.440285	0.024997	2.510900e-04	16.3125	1.440285	0.024997	2.510900e-04	16.3125	1.461461	0.063107	1.987983e-04	16.3005	1.461461	0.063107	1.987983e-04	16.3005	Yes	No	No	Yes	No	No	No	No	No	No	No	No	No	Yes
10	A10	d5c2f25c-ad4c-422b-9778-a767d1e02f41	unkn	cDNA	SYBR Green I@TELO	non-saturating DNA binding dye		indiv PCR eff is 1.401 < 1.7	0.048862	0.042073	0.192752	0.09650000000000002	0.0965	11	18	4	16.5	0.096099	1.400830	0.999935	3.692848e-04	16.5123	16.5123	1.461461	0.063107	1.835410e-04	16.5110	1.461461	0.063107	1.835410e-04	16.5110	1.440285	0.024997	2.335173e-04	16.5114	1.440285	0.024997	2.335173e-04	16.5114	1.461461	0.063107	1.835410e-04	16.5110	1.461461	0.063107	1.835410e-04	16.5110	Yes	No	No	Yes	No	No	No	No	No	No	No	No	No	Yes
11	A11	bd597a45-f4ef-4716-b65d-a6275086152d	unkn	cDNA	SYBR Green I@TELO	non-saturating DNA binding dye		indiv PCR eff is 1.561 < 1.7	0.043330	0.042073	0.192752	0.09650000000000002	0.0965	11	19	3	18.0	0.094865	1.560745	0.999590	3.141458e-05	18.0384	18.0384	1.461461	0.063107	1.025503e-04	18.0450	1.461461	0.063107	1.025503e-04	18.0450	1.440285	0.024997	1.333616e-04	18.0468	1.440285	0.024997	1.333616e-04	18.0468	1.461461	0.063107	1.025503e-04	18.0450	1.461461	0.063107	1.025503e-04	18.0450	Yes	No	No	Yes	No	Yes	Yes	No	No	No	No	No	No	Yes
12	A12	bd597a45-f4ef-4716-b65d-a6275086152d	unkn	cDNA	SYBR Green I@TELO	non-saturating DNA binding dye		indiv PCR eff is 1.569 < 1.7	0.045492	0.042073	0.192752	0.09650000000000002	0.0965	11	19	3	18.0	0.096139	1.568630	0.999499	2.907567e-05	18.0083	18.0083	1.461461	0.063107	1.039279e-04	18.0099	1.461461	0.063107	1.039279e-04	18.0099	1.440285	0.024997	1.351531e-04	18.0103	1.440285	0.024997	1.351531e-04	18.0103	1.461461	0.063107	1.039279e-04	18.0099	1.461461	0.063107	1.039279e-04	18.0099	Yes	No	No	Yes	No	Yes	Yes	No	No	No	No	No	No	Yes
13	B1	2bdda86b-db57-4a33-bdf3-d1490d9c0041	unkn	cDNA	SYBR Green I@TELO	non-saturating DNA binding dye		indiv PCR eff is 1.408 < 1.7	0.045382	0.042073	0.192752	0.09650000000000002	0.0965	12	19	4	16.5	0.085160	1.407671	0.999925	3.019701e-04	16.8656	16.8656	1.461461	0.063107	1.626477e-04	16.8295	1.461461	0.063107	1.626477e-04	16.8295	1.440285	0.024997	2.069350e-04	16.8426	1.440285	0.024997	2.069350e-04	16.8426	1.461461	0.063107	1.626477e-04	16.8295	1.461461	0.063107	1.626477e-04	16.8295	Yes	No	No	Yes	No	No	No	No	No	No	No	No	No	Yes
14	B2	2bdda86b-db57-4a33-bdf3-d1490d9c0041	unkn	cDNA	SYBR Green I@TELO	non-saturating DNA binding dye		indiv PCR eff is 1.419 < 1.7	0.049998	0.042073	0.192752	0.09650000000000002	0.0965	11	19	5	17.0	0.089740	1.418807	0.999811	2.345808e-04	17.2076	17.2076	1.461461	0.063107	1.417769e-04	17.1914	1.461461	0.063107	1.417769e-04	17.1914	1.440285	0.024997	1.817025e-04	17.1991	1.440285	0.024997	1.817025e-04	17.1991	1.461461	0.063107	1.417769e-04	17.1914	1.461461	0.063107	1.417769e-04	17.1914	Yes	No	No	Yes	No	No	No	No	No	No	No	No	No	Yes
15	B3	a3b05795-6f5f-4228-ad73-6f07baa8a62e	unkn	cDNA	SYBR Green I@TELO	non-saturating DNA binding dye		indiv PCR eff is 1.390 < 1.7	0.056630	0.042073	0.192752	0.09650000000000002	0.0965	11	18	5	16.0	0.097205	1.390090	0.999955	5.000382e-04	15.9779	15.9779	1.461461	0.063107	2.244382e-04	15.9808	1.461461	0.063107	2.244382e-04	15.9808	1.440285	0.024997	2.834742e-04	15.9800	1.440285	0.024997	2.834742e-04	15.9800	1.461461	0.063107	2.244382e-04	15.9808	1.461461	0.063107	2.244382e-04	15.9808	Yes	No	No	Yes	No	Yes	Yes	No	No	No	No	No	No	Yes
16	B4	a3b05795-6f5f-4228-ad73-6f07baa8a62e	unkn	cDNA	SYBR Green I@TELO	non-saturating DNA binding dye		indiv PCR eff is 1.439 < 1.7	0.055772	0.042073	0.192752	0.09650000000000002	0.0965	12	19	4	16.5	0.100702	1.439295	0.999834	2.474953e-04	16.3829	16.3829	1.461461	0.063107	1.923324e-04	16.3877	1.461461	0.063107	1.923324e-04	16.3877	1.440285	0.024997	2.447025e-04	16.3832	1.440285	0.024997	2.447025e-04	16.3832	1.461461	0.063107	1.923324e-04	16.3877	1.461461	0.063107	1.923324e-04	16.3877	Yes	No	No	Yes	No	No	No	No	No	No	No	No	No	Yes
17	B5	f3fc3139-f086-4970-b834-5bccc8961767	unkn	cDNA	SYBR Green I@TELO	non-saturating DNA binding dye		indiv PCR eff is 1.447 < 1.7	0.052974	0.042073	0.192752	0.09650000000000002	0.0965	11	19	4	17.5	0.107282	1.447379	0.999748	1.660878e-04	17.2135	17.2135	1.461461	0.063107	1.402019e-04	17.2208	1.461461	0.063107	1.402019e-04	17.2208	1.440285	0.024997	1.809999e-04	17.2097	1.440285	0.024997	1.809999e-04	17.2097	1.461461	0.063107	1.402019e-04	17.2208	1.461461	0.063107	1.402019e-04	17.2208	Yes	No	No	Yes	No	No	No	No	No	No	No	No	No	Yes
18	B6	f3fc3139-f086-4970-b834-5bccc8961767	unkn	cDNA	SYBR Green I@TELO	non-saturating DNA binding dye		indiv PCR eff is 1.449 < 1.7	0.051946	0.042073	0.192752	0.09650000000000002	0.0965	11	19	4	17.5	0.100068	1.448848	0.999878	1.521933e-04	17.4021	17.4021	1.461461	0.063107	1.307744e-04	17.4043	1.461461	0.063107	1.307744e-04	17.4043	1.440285	0.024997	1.688291e-04	17.4005	1.440285	0.024997	1.688291e-04	17.4005	1.461461	0.063107	1.307744e-04	17.4043	1.461461	0.063107	1.307744e-04	17.4043	Yes	No	No	Yes	No	No	No	No	No	No	No	No	No	Yes
19	B7	e25ffab7-cce5-4b59-8877-287b8978fc8e	unkn	cDNA	SYBR Green I@TELO	non-saturating DNA binding dye		indiv PCR eff is 1.384 < 1.7	0.052716	0.042073	0.192752	0.09650000000000002	0.0965	12	18	5	15.0	0.086163	1.383878	0.999939	6.589549e-04	15.3487	15.3487	1.461461	0.063107	2.907462e-04	15.2986	1.461461	0.063107	2.907462e-04	15.2986	1.440285	0.024997	3.619030e-04	15.3106	1.440285	0.024997	3.619030e-04	15.3106	1.461461	0.063107	2.907462e-04	15.2986	1.461461	0.063107	2.907462e-04	15.2986	Yes	No	No	Yes	No	Yes	Yes	No	No	No	No	No	No	Yes
20	B8	e25ffab7-cce5-4b59-8877-287b8978fc8e	unkn	cDNA	SYBR Green I@TELO	non-saturating DNA binding dye		indiv PCR eff is 1.386 < 1.7	0.048649	0.042073	0.192752	0.09650000000000002	0.0965	12	18	4	15.5	0.095069	1.386207	0.999975	6.021522e-04	15.5457	15.5457	1.461461	0.063107	2.653630e-04	15.5394	1.461461	0.063107	2.653630e-04	15.5394	1.440285	0.024997	3.327268e-04	15.5409	1.440285	0.024997	3.327268e-04	15.5409	1.461461	0.063107	2.653630e-04	15.5394	1.461461	0.063107	2.653630e-04	15.5394	Yes	No	No	Yes	No	Yes	Yes	No	No	No	No	No	No	Yes
21	B9	fd70e36e-bdae-42aa-a14d-844052a72874	unkn	cDNA	SYBR Green I@TELO	non-saturating DNA binding dye		indiv PCR eff is 1.427 < 1.7	0.049344	0.042073	0.192752	0.09650000000000002	0.0965	11	19	4	16.5	0.087840	1.427123	0.999945	2.483598e-04	16.7644	16.7644	1.461461	0.063107	1.677664e-04	16.7478	1.461461	0.063107	1.677664e-04	16.7478	1.440285	0.024997	2.134475e-04	16.7577	1.440285	0.024997	2.134475e-04	16.7577	1.461461	0.063107	1.677664e-04	16.7478	1.461461	0.063107	1.677664e-04	16.7478	Yes	No	No	Yes	No	No	No	No	No	No	No	No	No	Yes
22	B10	fd70e36e-bdae-42aa-a14d-844052a72874	unkn	cDNA	SYBR Green I@TELO	non-saturating DNA binding dye		indiv PCR eff is 1.430 < 1.7	0.048345	0.042073	0.192752	0.09650000000000002	0.0965	11	19	4	16.5	0.081886	1.429526	0.999965	2.251835e-04	16.9596	16.9596	1.461461	0.063107	1.563940e-04	16.9328	1.461461	0.063107	1.563940e-04	16.9328	1.440285	0.024997	1.989784e-04	16.9501	1.440285	0.024997	1.989784e-04	16.9501	1.461461	0.063107	1.563940e-04	16.9328	1.461461	0.063107	1.563940e-04	16.9328	Yes	No	No	Yes	No	No	No	No	No	No	No	No	No	Yes
23	B11	edc8d362-29bb-4d87-9944-d13ab6950bb6	unkn	cDNA	SYBR Green I@TELO	non-saturating DNA binding dye		indiv PCR eff is 1.505 < 1.7	0.044274	0.042073	0.192752	0.09650000000000002	0.0965	12	18	4	16.5	0.089900	1.504764	0.999746	1.060554e-04	16.6734	16.6734	1.461461	0.063107	1.717010e-04	16.6867	1.461461	0.063107	1.717010e-04	16.6867	1.440285	0.024997	2.184533e-04	16.6942	1.440285	0.024997	2.184533e-04	16.6942	1.461461	0.063107	1.717010e-04	16.6867	1.461461	0.063107	1.717010e-04	16.6867	Yes	No	No	Yes	No	Yes	Yes	No	No	No	No	No	No	Yes
24	B12	edc8d362-29bb-4d87-9944-d13ab6950bb6	unkn	cDNA	SYBR Green I@TELO	non-saturating DNA binding dye		indiv PCR eff is 1.503 < 1.7	0.045614	0.042073	0.192752	0.09650000000000002	0.0965	12	18	4	16.5	0.096071	1.502905	0.999748	1.156699e-04	16.5109	16.5109	1.461461	0.063107	1.834864e-04	16.5117	1.461461	0.063107	1.834864e-04	16.5117	1.440285	0.024997	2.334478e-04	16.5122	1.440285	0.024997	2.334478e-04	16.5122	1.461461	0.063107	1.834864e-04	16.5117	1.461461	0.063107	1.834864e-04	16.5117	Yes	No	No	Yes	No	Yes	Yes	No	No	No	No	No	No	Yes
25	C1	bb633047-29a4-4feb-bdce-04bb8fd2ee85	unkn	cDNA	SYBR Green I@TELO	non-saturating DNA binding dye		indiv PCR eff is 1.438 < 1.7	0.049964	0.042073	0.192752	0.09650000000000002	0.0965	11	19	5	17.0	0.089816	1.437767	0.999834	1.873497e-04	17.1977	17.1977	1.461461	0.063107	1.418974e-04	17.1892	1.461461	0.063107	1.418974e-04	17.1892	1.440285	0.024997	1.818569e-04	17.1967	1.440285	0.024997	1.818569e-04	17.1967	1.461461	0.063107	1.418974e-04	17.1892	1.461461	0.063107	1.418974e-04	17.1892	Yes	No	No	Yes	No	No	No	No	No	No	No	No	No	Yes
26	C2	bb633047-29a4-4feb-bdce-04bb8fd2ee85	unkn	cDNA	SYBR Green I@TELO	non-saturating DNA binding dye		indiv PCR eff is 1.436 < 1.7	0.049145	0.042073	0.192752	0.09650000000000002	0.0965	11	19	5	17.0	0.090244	1.435661	0.999807	1.929891e-04	17.1854	17.1854	1.461461	0.063107	1.425727e-04	17.1767	1.461461	0.063107	1.425727e-04	17.1767	1.440285	0.024997	1.827223e-04	17.1837	1.440285	0.024997	1.827223e-04	17.1837	1.461461	0.063107	1.425727e-04	17.1767	1.461461	0.063107	1.425727e-04	17.1767	Yes	No	No	Yes	No	No	No	No	No	No	No	No	No	Yes
27	C3	99754981-04e0-4aaf-8dce-f1521bb4dd5a	unkn	cDNA	SYBR Green I@TELO	non-saturating DNA binding dye		indiv PCR eff is 1.445 < 1.7	0.056432	0.042073	0.192752	0.09650000000000002	0.0965	11	18	4	16.5	0.097865	1.445054	0.999948	2.251839e-04	16.4619	16.4619	1.461461	0.063107	1.869125e-04	16.4630	1.461461	0.063107	1.869125e-04	16.4630	1.440285	0.024997	2.378068e-04	16.4615	1.440285	0.024997	2.378068e-04	16.4615	1.461461	0.063107	1.869125e-04	16.4630	1.461461	0.063107	1.869125e-04	16.4630	Yes	No	No	Yes	No	No	No	No	No	No	No	No	No	Yes
28	C4	99754981-04e0-4aaf-8dce-f1521bb4dd5a	unkn	cDNA	SYBR Green I@TELO	non-saturating DNA binding dye		indiv PCR eff is 1.509 < 1.7	0.057105	0.042073	0.192752	0.09650000000000002	0.0965	11	19	4	16.5	0.078837	1.509443	0.999952	8.835922e-05	16.9910	16.9910	1.461461	0.063107	1.505714e-04	17.0328	1.461461	0.063107	1.505714e-04	17.0328	1.440285	0.024997	1.915705e-04	17.0541	1.440285	0.024997	1.915705e-04	17.0541	1.461461	0.063107	1.505714e-04	17.0328	1.461461	0.063107	1.505714e-04	17.0328	Yes	No	No	Yes	No	Yes	Yes	No	No	No	No	No	No	Yes
29	C5	3bec5a3e-d4e2-4467-91f6-a22b3d99144d	unkn	cDNA	SYBR Green I@TELO	non-saturating DNA binding dye		indiv PCR eff is 1.460 < 1.7	0.055983	0.042073	0.192752	0.09650000000000002	0.0965	11	19	5	17.0	0.090772	1.460245	0.999837	1.454509e-04	17.1616	17.1616	1.461461	0.063107	1.434072e-04	17.1613	1.461461	0.063107	1.434072e-04	17.1613	1.440285	0.024997	1.837918e-04	17.1677	1.440285	0.024997	1.837918e-04	17.1677	1.461461	0.063107	1.434072e-04	17.1613	1.461461	0.063107	1.434072e-04	17.1613	Yes	No	No	Yes	No	No	No	No	No	No	No	No	No	Yes
30	C6	3bec5a3e-d4e2-4467-91f6-a22b3d99144d	unkn	cDNA	SYBR Green I@TELO	non-saturating DNA binding dye		indiv PCR eff is 1.455 < 1.7	0.052791	0.042073	0.192752	0.09650000000000002	0.0965	11	19	4	17.5	0.104398	1.454559	0.999828	1.482146e-04	17.2901	17.2901	1.461461	0.063107	1.364323e-04	17.2927	1.461461	0.063107	1.364323e-04	17.2927	1.440285	0.024997	1.761333e-04	17.2844	1.440285	0.024997	1.761333e-04	17.2844	1.461461	0.063107	1.364323e-04	17.2927	1.461461	0.063107	1.364323e-04	17.2927	Yes	No	No	Yes	No	No	No	No	No	No	No	No	No	Yes
31	C7	262e0aeb-ca31-4f36-8a1c-8a01dccb6442	unkn	cDNA	SYBR Green I@TELO	non-saturating DNA binding dye		indiv PCR eff is 1.386 < 1.7	0.054733	0.042073	0.192752	0.09650000000000002	0.0965	12	18	4	15.5	0.092609	1.386449	0.999937	5.849797e-04	15.6260	15.6260	1.461461	0.063107	2.584952e-04	15.6085	1.461461	0.063107	2.584952e-04	15.6085	1.440285	0.024997	3.241156e-04	15.6128	1.440285	0.024997	3.241156e-04	15.6128	1.461461	0.063107	2.584952e-04	15.6085	1.461461	0.063107	2.584952e-04	15.6085	Yes	No	No	Yes	No	Yes	Yes	No	No	No	No	No	No	Yes
32	C8	262e0aeb-ca31-4f36-8a1c-8a01dccb6442	unkn	cDNA	SYBR Green I@TELO	non-saturating DNA binding dye		indiv PCR eff is 1.391 < 1.7	0.051878	0.042073	0.192752	0.09650000000000002	0.0965	12	18	4	15.5	0.088960	1.390556	0.999968	5.367518e-04	15.7468	15.7468	1.461461	0.063107	2.483092e-04	15.7144	1.461461	0.063107	2.483092e-04	15.7144	1.440285	0.024997	3.113438e-04	15.7230	1.440285	0.024997	3.113438e-04	15.7230	1.461461	0.063107	2.483092e-04	15.7144	1.461461	0.063107	2.483092e-04	15.7144	Yes	No	No	Yes	No	Yes	Yes	No	No	No	No	No	No	Yes
33	C9	89d5fa60-7177-4438-8d4b-32eb2e628b06	unkn	cDNA	SYBR Green I@TELO	non-saturating DNA binding dye		indiv PCR eff is 1.399 < 1.7	0.051027	0.042073	0.192752	0.09650000000000002	0.0965	12	19	4	16.5	0.095618	1.398678	0.999893	3.768767e-04	16.5274	16.5274	1.461461	0.063107	1.826218e-04	16.5242	1.461461	0.063107	1.826218e-04	16.5242	1.440285	0.024997	2.323478e-04	16.5252	1.440285	0.024997	2.323478e-04	16.5252	1.461461	0.063107	1.826218e-04	16.5242	1.461461	0.063107	1.826218e-04	16.5242	Yes	No	No	Yes	No	No	No	No	No	No	No	No	No	Yes
34	C10	89d5fa60-7177-4438-8d4b-32eb2e628b06	unkn	cDNA	SYBR Green I@TELO	non-saturating DNA binding dye		indiv PCR eff is 1.398 < 1.7	0.048987	0.042073	0.192752	0.09650000000000002	0.0965	12	19	4	16.5	0.091364	1.397975	0.999974	3.631055e-04	16.6633	16.6633	1.461461	0.063107	1.744960e-04	16.6442	1.461461	0.063107	1.744960e-04	16.6442	1.440285	0.024997	2.220094e-04	16.6499	1.440285	0.024997	2.220094e-04	16.6499	1.461461	0.063107	1.744960e-04	16.6442	1.461461	0.063107	1.744960e-04	16.6442	Yes	No	No	Yes	No	No	No	No	No	No	No	No	No	Yes
35	C11	77739a7d-492a-4057-a2e0-f504ca150a84	unkn	cDNA	SYBR Green I@TELO	non-saturating DNA binding dye		indiv PCR eff is 1.395 < 1.7	0.042977	0.042073	0.192752	0.09650000000000002	0.0965	11	18	4	16.5	0.095784	1.394793	0.999867	3.952593e-04	16.5224	16.5224	1.461461	0.063107	1.829385e-04	16.5196	1.461461	0.063107	1.829385e-04	16.5196	1.440285	0.024997	2.327507e-04	16.5204	1.440285	0.024997	2.327507e-04	16.5204	1.461461	0.063107	1.829385e-04	16.5196	1.461461	0.063107	1.829385e-04	16.5196	Yes	No	No	Yes	No	Yes	Yes	No	No	No	No	No	No	Yes
36	C12	77739a7d-492a-4057-a2e0-f504ca150a84	unkn	cDNA	SYBR Green I@TELO	non-saturating DNA binding dye		indiv PCR eff is 1.401 < 1.7	0.049183	0.042073	0.192752	0.09650000000000002	0.0965	12	18	5	16.0	0.094946	1.400576	0.999836	4.330860e-04	16.0482	16.0482	1.461461	0.063107	2.192223e-04	16.0428	1.461461	0.063107	2.192223e-04	16.0428	1.440285	0.024997	2.768863e-04	16.0445	1.440285	0.024997	2.768863e-04	16.0445	1.461461	0.063107	2.192223e-04	16.0428	1.461461	0.063107	2.192223e-04	16.0428	Yes	No	No	Yes	No	No	No	No	No	No	No	No	No	Yes
37	D1	f94688ea-e430-4e7d-b072-206d35ff88b6	unkn	cDNA	SYBR Green I@TELO	non-saturating DNA binding dye		indiv PCR eff is 1.413 < 1.7	0.046897	0.042073	0.192752	0.09650000000000002	0.0965	12	20	5	17.0	0.088984	1.412592	0.999807	2.506269e-04	17.2348	17.2348	1.461461	0.063107	1.405818e-04	17.2137	1.461461	0.063107	1.405818e-04	17.2137	1.440285	0.024997	1.801707e-04	17.2223	1.440285	0.024997	1.801707e-04	17.2223	1.461461	0.063107	1.405818e-04	17.2137	1.461461	0.063107	1.405818e-04	17.2137	Yes	No	No	Yes	No	No	No	No	No	No	No	No	No	Yes
38	D2	f94688ea-e430-4e7d-b072-206d35ff88b6	unkn	cDNA	SYBR Green I@TELO	non-saturating DNA binding dye		indiv PCR eff is 1.407 < 1.7	0.051996	0.042073	0.192752	0.09650000000000002	0.0965	12	20	5	17.0	0.097629	1.407407	0.999875	2.927120e-04	16.9660	16.9660	1.461461	0.063107	1.542400e-04	16.9694	1.461461	0.063107	1.542400e-04	16.9694	1.440285	0.024997	1.976752e-04	16.9681	1.440285	0.024997	1.976752e-04	16.9681	1.461461	0.063107	1.542400e-04	16.9694	1.461461	0.063107	1.542400e-04	16.9694	Yes	No	No	Yes	No	No	No	No	No	No	No	No	No	Yes
39	D3	153e7370-b944-4e4d-9822-6a22eb775082	unkn	cDNA	SYBR Green I@TELO	non-saturating DNA binding dye		indiv PCR eff is 1.452 < 1.7	0.055166	0.042073	0.192752	0.09650000000000002	0.0965	11	18	4	15.5	0.089467	1.451605	0.999980	2.773393e-04	15.7030	15.7030	1.461461	0.063107	2.497261e-04	15.6994	1.461461	0.063107	2.497261e-04	15.6994	1.440285	0.024997	3.131205e-04	15.7074	1.440285	0.024997	3.131205e-04	15.7074	1.461461	0.063107	2.497261e-04	15.6994	1.461461	0.063107	2.497261e-04	15.6994	Yes	No	No	Yes	No	No	No	No	No	No	No	No	No	Yes
40	D4	153e7370-b944-4e4d-9822-6a22eb775082	unkn	cDNA	SYBR Green I@TELO	non-saturating DNA binding dye		indiv PCR eff is 1.451 < 1.7	0.056356	0.042073	0.192752	0.09650000000000002	0.0965	12	18	4	15.5	0.096356	1.450748	0.999917	3.014410e-04	15.5040	15.5040	1.461461	0.063107	2.689536e-04	15.5039	1.461461	0.063107	2.689536e-04	15.5039	1.440285	0.024997	3.372289e-04	15.5041	1.440285	0.024997	3.372289e-04	15.5041	1.461461	0.063107	2.689536e-04	15.5039	1.461461	0.063107	2.689536e-04	15.5039	Yes	No	No	Yes	No	No	No	No	No	No	No	No	No	Yes
41	D5	d92cdf96-474a-43e8-9674-b62e6705a6a5	unkn	cDNA	SYBR Green I@TELO	non-saturating DNA binding dye		indiv PCR eff is 1.462 < 1.7	0.059474	0.042073	0.192752	0.09650000000000002	0.0965	11	18	4	15.5	0.100882	1.461906	0.999844	2.802622e-04	15.3830	15.3830	1.461461	0.063107	2.815888e-04	15.3829	1.461461	0.063107	2.815888e-04	15.3829	1.440285	0.024997	3.530716e-04	15.3783	1.440285	0.024997	3.530716e-04	15.3783	1.461461	0.063107	2.815888e-04	15.3829	1.461461	0.063107	2.815888e-04	15.3829	Yes	No	No	Yes	No	No	No	No	No	No	No	No	No	Yes
42	D6	d92cdf96-474a-43e8-9674-b62e6705a6a5	unkn	cDNA	SYBR Green I@TELO	non-saturating DNA binding dye		indiv PCR eff is 1.464 < 1.7	0.056415	0.042073	0.192752	0.09650000000000002	0.0965	11	17	4	15.5	0.096073	1.464086	0.999854	2.608080e-04	15.5116	15.5116	1.461461	0.063107	2.681640e-04	15.5117	1.461461	0.063107	2.681640e-04	15.5117	1.440285	0.024997	3.362389e-04	15.5122	1.440285	0.024997	3.362389e-04	15.5122	1.461461	0.063107	2.681640e-04	15.5117	1.461461	0.063107	2.681640e-04	15.5117	Yes	No	No	Yes	No	No	No	No	No	No	No	No	No	Yes
43	D7	2564e4fd-6b4a-4530-9a78-764ccd8a100b	unkn	cDNA	SYBR Green I@TELO	non-saturating DNA binding dye		indiv PCR eff is 1.459 < 1.7	0.054234	0.042073	0.192752	0.09650000000000002	0.0965	11	17	4	14.5	0.077770	1.458939	0.999950	3.252929e-04	15.0713	15.0713	1.461461	0.063107	3.172474e-04	15.0687	1.461461	0.063107	3.172474e-04	15.0687	1.440285	0.024997	3.920188e-04	15.0915	1.440285	0.024997	3.920188e-04	15.0915	1.461461	0.063107	3.172474e-04	15.0687	1.461461	0.063107	3.172474e-04	15.0687	Yes	No	No	Yes	No	No	No	No	No	No	No	No	No	Yes
44	D8	2564e4fd-6b4a-4530-9a78-764ccd8a100b	unkn	cDNA	SYBR Green I@TELO	non-saturating DNA binding dye		indiv PCR eff is 1.446 < 1.7	0.051542	0.042073	0.192752	0.09650000000000002	0.0965	12	17	4	15.5	0.103099	1.446357	0.999723	3.380525e-04	15.3208	15.3208	1.461461	0.063107	2.877759e-04	15.3257	1.461461	0.063107	2.877759e-04	15.3257	1.440285	0.024997	3.608293e-04	15.3187	1.440285	0.024997	3.608293e-04	15.3187	1.461461	0.063107	2.877759e-04	15.3257	1.461461	0.063107	2.877759e-04	15.3257	Yes	No	No	Yes	No	No	No	No	No	No	No	No	No	Yes
45	D9	25f91409-6fbf-4c7a-b71a-504d0c88fdc0	unkn	cDNA	SYBR Green I@TELO	non-saturating DNA binding dye		indiv PCR eff is 1.544 < 1.7	0.054065	0.042073	0.192752	0.09650000000000002	0.0965	11	19	4	17.5	0.096635	1.544192	0.999361	4.817956e-05	17.4968	17.4968	1.461461	0.063107	1.262871e-04	17.4963	1.461461	0.063107	1.262871e-04	17.4963	1.440285	0.024997	1.630360e-04	17.4962	1.440285	0.024997	1.630360e-04	17.4962	1.461461	0.063107	1.262871e-04	17.4963	1.461461	0.063107	1.262871e-04	17.4963	Yes	No	No	Yes	No	Yes	Yes	No	No	No	No	No	No	Yes
46	D10	25f91409-6fbf-4c7a-b71a-504d0c88fdc0	unkn	cDNA	SYBR Green I@TELO	non-saturating DNA binding dye		indiv PCR eff is 1.538 < 1.7	0.053109	0.042073	0.192752	0.09650000000000002	0.0965	11	19	4	17.5	0.098372	1.538023	0.999380	5.260444e-05	17.4554	17.4554	1.461461	0.063107	1.285580e-04	17.4494	1.461461	0.063107	1.285580e-04	17.4494	1.440285	0.024997	1.659677e-04	17.4473	1.440285	0.024997	1.659677e-04	17.4473	1.461461	0.063107	1.285580e-04	17.4494	1.461461	0.063107	1.285580e-04	17.4494	Yes	No	No	Yes	No	Yes	Yes	No	No	No	No	No	No	Yes
47	D11	90e43eb8-083e-4652-ac22-7cf2136941c0	unkn	cDNA	SYBR Green I@TELO	non-saturating DNA binding dye		indiv PCR eff is 1.574 < 1.7	0.044258	0.042073	0.192752	0.09650000000000002	0.0965	12	20	3	19.0	0.091926	1.573971	0.999508	1.661505e-05	19.1071	19.1071	1.461461	0.063107	6.799594e-05	19.1280	1.461461	0.063107	6.799594e-05	19.1280	1.440285	0.024997	8.972538e-05	19.1331	1.440285	0.024997	8.972538e-05	19.1331	1.461461	0.063107	6.799594e-05	19.1280	1.461461	0.063107	6.799594e-05	19.1280	Yes	No	No	Yes	No	Yes	Yes	No	No	No	No	No	No	Yes
48	D12	90e43eb8-083e-4652-ac22-7cf2136941c0	unkn	cDNA	SYBR Green I@TELO	non-saturating DNA binding dye		indiv PCR eff is 1.583 < 1.7	0.049027	0.042073	0.192752	0.09650000000000002	0.0965	11	20	3	19.0	0.103983	1.582971	0.999685	1.686458e-05	18.8374	18.8374	1.461461	0.063107	7.691437e-05	18.8032	1.461461	0.063107	7.691437e-05	18.8032	1.440285	0.024997	1.014939e-04	18.7953	1.440285	0.024997	1.014939e-04	18.7953	1.461461	0.063107	7.691437e-05	18.8032	1.461461	0.063107	7.691437e-05	18.8032	Yes	No	No	Yes	No	Yes	Yes	No	No	No	No	No	No	Yes
49	E1	9a133155-1d4b-4b31-9e44-7021b92937b1	nac	cDNA	SYBR Green I@None	non-saturating DNA binding dye	amplification in negative control;baseline error		0.020023	0.042170	0.192752	0.09650000000000002	0.0965	10	19	0	nan	nan	nan	nan	nan	nan	nan	nan	nan	nan	nan	nan	nan	nan	nan	nan	nan	nan	nan	nan	nan	nan	nan	nan	nan	nan	nan	nan	nan	nan	nan	Yes	Yes	Yes	No	No	Yes	Yes	No	No	Yes	Yes	No	No	No
50	E2	9a133155-1d4b-4b31-9e44-7021b92937b1	nac	cDNA	SYBR Green I@None	non-saturating DNA binding dye	amplification in negative control;baseline error		0.020774	0.042170	0.192752	0.09650000000000002	0.0965	4	19	0	nan	nan	nan	nan	nan	nan	nan	nan	nan	nan	nan	nan	nan	nan	nan	nan	nan	nan	nan	nan	nan	nan	nan	nan	nan	nan	nan	nan	nan	nan	nan	Yes	Yes	Yes	No	No	Yes	Yes	No	No	Yes	Yes	No	No	No
51	E3	c7d68013-50ca-4942-89e4-18ea7aa4043c	unkn	cDNA	SYBR Green I@TELO	non-saturating DNA binding dye		indiv PCR eff is 1.422 < 1.7	0.063350	0.042073	0.192752	0.09650000000000002	0.0965	12	19	4	15.5	0.085041	1.422318	0.999837	3.615589e-04	15.8588	15.8588	1.461461	0.063107	2.373718e-04	15.8331	1.461461	0.063107	2.373718e-04	15.8331	1.440285	0.024997	2.976299e-04	15.8465	1.440285	0.024997	2.976299e-04	15.8465	1.461461	0.063107	2.373718e-04	15.8331	1.461461	0.063107	2.373718e-04	15.8331	Yes	No	No	Yes	No	No	No	No	No	No	No	No	No	Yes
52	E4	c7d68013-50ca-4942-89e4-18ea7aa4043c	unkn	cDNA	SYBR Green I@TELO	non-saturating DNA binding dye		indiv PCR eff is 1.422 < 1.7	0.062841	0.042073	0.192752	0.09650000000000002	0.0965	12	19	4	15.5	0.086823	1.421795	0.999923	3.712468e-04	15.8003	15.8003	1.461461	0.063107	2.423448e-04	15.7785	1.461461	0.063107	2.423448e-04	15.7785	1.440285	0.024997	3.038653e-04	15.7896	1.440285	0.024997	3.038653e-04	15.7896	1.461461	0.063107	2.423448e-04	15.7785	1.461461	0.063107	2.423448e-04	15.7785	Yes	No	No	Yes	No	No	No	No	No	No	No	No	No	Yes
53	E5	5f88ff70-2aea-4127-9d75-e453cbef7173	unkn	cDNA	SYBR Green I@TELO	non-saturating DNA binding dye		indiv PCR eff is 1.531 < 1.7	0.056700	0.042073	0.192752	0.09650000000000002	0.0965	11	19	3	17.0	0.097197	1.530713	0.999910	6.989688e-05	16.9831	16.9831	1.461461	0.063107	1.535577e-04	16.9810	1.461461	0.063107	1.535577e-04	16.9810	1.440285	0.024997	1.968008e-04	16.9803	1.440285	0.024997	1.968008e-04	16.9803	1.461461	0.063107	1.535577e-04	16.9810	1.461461	0.063107	1.535577e-04	16.9810	Yes	No	No	Yes	No	Yes	Yes	No	No	No	No	No	No	Yes
54	E6	5f88ff70-2aea-4127-9d75-e453cbef7173	unkn	cDNA	SYBR Green I@TELO	non-saturating DNA binding dye		indiv PCR eff is 1.531 < 1.7	0.055419	0.042073	0.192752	0.09650000000000002	0.0965	11	19	3	17.0	0.093310	1.531004	0.999909	6.688559e-05	17.0789	17.0789	1.461461	0.063107	1.474169e-04	17.0886	1.461461	0.063107	1.474169e-04	17.0886	1.440285	0.024997	1.889307e-04	17.0921	1.440285	0.024997	1.889307e-04	17.0921	1.461461	0.063107	1.474169e-04	17.0886	1.461461	0.063107	1.474169e-04	17.0886	Yes	No	No	Yes	No	Yes	Yes	No	No	No	No	No	No	Yes
55	E7	d73473b9-65d8-4714-9a58-fe1c5a47cc13	unkn	cDNA	SYBR Green I@TELO	non-saturating DNA binding dye		indiv PCR eff is 1.535 < 1.7	0.054939	0.042073	0.192752	0.09650000000000002	0.0965	11	18	4	16.5	0.080650	1.534583	0.999866	6.882750e-05	16.9190	16.9190	1.461461	0.063107	1.540339e-04	16.9729	1.461461	0.063107	1.540339e-04	16.9729	1.440285	0.024997	1.959757e-04	16.9918	1.440285	0.024997	1.959757e-04	16.9918	1.461461	0.063107	1.540339e-04	16.9729	1.461461	0.063107	1.540339e-04	16.9729	Yes	No	No	Yes	No	Yes	Yes	No	No	No	No	No	No	Yes
56	E8	d73473b9-65d8-4714-9a58-fe1c5a47cc13	unkn	cDNA	SYBR Green I@TELO	non-saturating DNA binding dye		indiv PCR eff is 1.523 < 1.7	0.051422	0.042073	0.192752	0.09650000000000002	0.0965	12	18	3	17.0	0.094604	1.522546	0.999867	7.450919e-05	17.0472	17.0472	1.461461	0.063107	1.494605e-04	17.0523	1.461461	0.063107	1.494605e-04	17.0523	1.440285	0.024997	1.915498e-04	17.0544	1.440285	0.024997	1.915498e-04	17.0544	1.461461	0.063107	1.494605e-04	17.0523	1.461461	0.063107	1.494605e-04	17.0523	Yes	No	No	Yes	No	Yes	Yes	No	No	No	No	No	No	Yes
57	E9	da14c516-8ea8-4b12-ba05-2e0bc88a7e67	unkn	cDNA	SYBR Green I@TELO	non-saturating DNA binding dye		indiv PCR eff is 1.514 < 1.7	0.052184	0.042073	0.192752	0.09650000000000002	0.0965	11	19	4	17.5	0.101547	1.514478	0.999451	7.113190e-05	17.3772	17.3772	1.461461	0.063107	1.327066e-04	17.3656	1.461461	0.063107	1.327066e-04	17.3656	1.440285	0.024997	1.713235e-04	17.3603	1.440285	0.024997	1.713235e-04	17.3603	1.461461	0.063107	1.327066e-04	17.3656	1.461461	0.063107	1.327066e-04	17.3656	Yes	No	No	Yes	No	Yes	Yes	No	No	No	No	No	No	Yes
58	E10	da14c516-8ea8-4b12-ba05-2e0bc88a7e67	unkn	cDNA	SYBR Green I@TELO	non-saturating DNA binding dye		indiv PCR eff is 1.528 < 1.7	0.050620	0.042073	0.192752	0.09650000000000002	0.0965	11	18	3	17.0	0.085916	1.527838	0.999911	6.379052e-05	17.2741	17.2741	1.461461	0.063107	1.357350e-04	17.3062	1.461461	0.063107	1.357350e-04	17.3062	1.440285	0.024997	1.739591e-04	17.3184	1.440285	0.024997	1.739591e-04	17.3184	1.461461	0.063107	1.357350e-04	17.3062	1.461461	0.063107	1.357350e-04	17.3062	Yes	No	No	Yes	No	Yes	Yes	No	No	No	No	No	No	Yes
59	E11	864fac88-bba0-4b4b-be7c-5b31876eb646	unkn	cDNA	SYBR Green I@TELO	non-saturating DNA binding dye		indiv PCR eff is 1.560 < 1.7	0.048532	0.042073	0.192752	0.09650000000000002	0.0965	11	19	3	18.0	0.083827	1.559907	0.999608	2.802893e-05	18.3166	18.3166	1.461461	0.063107	9.061810e-05	18.3711	1.461461	0.063107	9.061810e-05	18.3711	1.440285	0.024997	1.178443e-04	18.3859	1.440285	0.024997	1.178443e-04	18.3859	1.461461	0.063107	9.061810e-05	18.3711	1.461461	0.063107	9.061810e-05	18.3711	Yes	No	No	Yes	No	Yes	Yes	No	No	No	No	No	No	Yes
60	E12	864fac88-bba0-4b4b-be7c-5b31876eb646	unkn	cDNA	SYBR Green I@TELO	non-saturating DNA binding dye		indiv PCR eff is 1.551 < 1.7	0.050778	0.042073	0.192752	0.09650000000000002	0.0965	11	19	3	18.0	0.093382	1.551488	0.999788	3.441858e-05	18.0748	18.0748	1.461461	0.063107	1.009474e-04	18.0866	1.461461	0.063107	1.009474e-04	18.0866	1.440285	0.024997	1.312771e-04	18.0900	1.440285	0.024997	1.312771e-04	18.0900	1.461461	0.063107	1.009474e-04	18.0866	1.461461	0.063107	1.009474e-04	18.0866	Yes	No	No	Yes	No	Yes	Yes	No	No	No	No	No	No	Yes
61	F1	5a795483-a272-4934-9172-76d331612b3e	pos	cDNA	SYBR Green I@TELO	non-saturating DNA binding dye		indiv PCR eff is 1.528 < 1.7	0.048868	0.042073	0.192752	0.09650000000000002	0.0965	11	21	4	19.5	0.099645	1.528470	0.999669	2.543592e-05	19.4244	19.4244	1.461461	0.063107	6.096882e-05	19.4155	1.461461	0.063107	6.096882e-05	19.4155	1.440285	0.024997	8.104187e-05	19.4121	1.440285	0.024997	8.104187e-05	19.4121	1.461461	0.063107	6.096882e-05	19.4155	1.461461	0.063107	6.096882e-05	19.4155	Yes	No	No	Yes	No	Yes	Yes	No	No	No	No	No	No	Yes
62	F2	5a795483-a272-4934-9172-76d331612b3e	pos	cDNA	SYBR Green I@TELO	non-saturating DNA binding dye		indiv PCR eff is 1.551 < 1.7	0.049807	0.042073	0.192752	0.09650000000000002	0.0965	11	21	3	20.0	0.093475	1.550970	0.999894	1.440879e-05	20.0726	20.0726	1.461461	0.063107	4.731021e-05	20.0839	1.461461	0.063107	4.731021e-05	20.0839	1.440285	0.024997	6.334696e-05	20.0873	1.440285	0.024997	6.334696e-05	20.0873	1.461461	0.063107	4.731021e-05	20.0839	1.461461	0.063107	4.731021e-05	20.0839	Yes	No	No	Yes	No	Yes	Yes	No	No	No	No	No	No	Yes
63	F3	2a390212-e1a5-4b37-a0d8-d7650ade5a64	unkn	cDNA	SYBR Green I@TELO	non-saturating DNA binding dye		indiv PCR eff is 1.449 < 1.7	0.058950	0.042073	0.192752	0.09650000000000002	0.0965	12	18	4	16.5	0.108327	1.449048	0.999407	2.381611e-04	16.1883	16.1883	1.461461	0.063107	2.068945e-04	16.1953	1.461461	0.063107	2.068945e-04	16.1953	1.440285	0.024997	2.632298e-04	16.1831	1.440285	0.024997	2.632298e-04	16.1831	1.461461	0.063107	2.068945e-04	16.1953	1.461461	0.063107	2.068945e-04	16.1953	Yes	No	No	Yes	No	No	No	No	No	No	No	No	No	Yes
64	F4	2a390212-e1a5-4b37-a0d8-d7650ade5a64	unkn	cDNA	SYBR Green I@TELO	non-saturating DNA binding dye		indiv PCR eff is 1.467 < 1.7	0.062992	0.042073	0.192752	0.09650000000000002	0.0965	12	18	4	15.5	0.090997	1.467378	0.999640	2.385754e-04	15.6531	15.6531	1.461461	0.063107	2.539956e-04	15.6547	1.461461	0.063107	2.539956e-04	15.6547	1.440285	0.024997	3.184738e-04	15.6609	1.440285	0.024997	3.184738e-04	15.6609	1.461461	0.063107	2.539956e-04	15.6547	1.461461	0.063107	2.539956e-04	15.6547	Yes	No	No	Yes	No	No	No	No	No	No	No	No	No	Yes
65	F5	54023229-496d-4e7c-bfe1-d5c28cb7cf17	unkn	cDNA	SYBR Green I@TELO	non-saturating DNA binding dye		indiv PCR eff is 1.476 < 1.7	0.057887	0.042073	0.192752	0.09650000000000002	0.0965	12	18	4	15.5	0.086961	1.476442	0.999980	2.072391e-04	15.7671	15.7671	1.461461	0.063107	2.427310e-04	15.7743	1.461461	0.063107	2.427310e-04	15.7743	1.440285	0.024997	3.043496e-04	15.7853	1.440285	0.024997	3.043496e-04	15.7853	1.461461	0.063107	2.427310e-04	15.7743	1.461461	0.063107	2.427310e-04	15.7743	Yes	No	No	Yes	No	No	No	No	No	No	No	No	No	Yes
66	F6	54023229-496d-4e7c-bfe1-d5c28cb7cf17	unkn	cDNA	SYBR Green I@TELO	non-saturating DNA binding dye		indiv PCR eff is 1.471 < 1.7	0.051803	0.042073	0.192752	0.09650000000000002	0.0965	11	18	4	15.5	0.082830	1.470904	0.999933	2.092323e-04	15.8959	15.8959	1.461461	0.063107	2.311991e-04	15.9026	1.461461	0.063107	2.311991e-04	15.9026	1.440285	0.024997	2.898902e-04	15.9187	1.440285	0.024997	2.898902e-04	15.9187	1.461461	0.063107	2.311991e-04	15.9026	1.461461	0.063107	2.311991e-04	15.9026	Yes	No	No	Yes	No	No	No	No	No	No	No	No	No	Yes
67	F7	f0eab021-42d4-45e7-bfc9-e738bef02fcd	unkn	cDNA	SYBR Green I@TELO	non-saturating DNA binding dye		indiv PCR eff is 1.473 < 1.7	0.053455	0.042073	0.192752	0.09650000000000002	0.0965	11	18	4	16.5	0.107776	1.472638	0.999683	1.815271e-04	16.2145	16.2145	1.461461	0.063107	2.058431e-04	16.2087	1.461461	0.063107	2.058431e-04	16.2087	1.440285	0.024997	2.618920e-04	16.1971	1.440285	0.024997	2.618920e-04	16.1971	1.461461	0.063107	2.058431e-04	16.2087	1.461461	0.063107	2.058431e-04	16.2087	Yes	No	No	Yes	No	No	No	No	No	No	No	No	No	Yes
68	F8	f0eab021-42d4-45e7-bfc9-e738bef02fcd	unkn	cDNA	SYBR Green I@TELO	non-saturating DNA binding dye		indiv PCR eff is 1.484 < 1.7	0.052674	0.042073	0.192752	0.09650000000000002	0.0965	11	18	3	16.0	0.091467	1.483718	0.999996	1.658225e-04	16.1358	16.1358	1.461461	0.063107	2.111888e-04	16.1412	1.461461	0.063107	2.111888e-04	16.1412	1.440285	0.024997	2.667397e-04	16.1468	1.440285	0.024997	2.667397e-04	16.1468	1.461461	0.063107	2.111888e-04	16.1412	1.461461	0.063107	2.111888e-04	16.1412	Yes	No	No	Yes	No	No	No	No	No	No	No	No	No	Yes
69	F9	8c48c3f1-22b6-46c1-8f3c-2491b3322a05	unkn	cDNA	SYBR Green I@TELO	non-saturating DNA binding dye		indiv PCR eff is 1.458 < 1.7	0.052916	0.042073	0.192752	0.09650000000000002	0.0965	11	18	4	16.5	0.109766	1.458438	0.999742	2.169277e-04	16.1587	16.1587	1.461461	0.063107	2.096429e-04	16.1605	1.461461	0.063107	2.096429e-04	16.1605	1.440285	0.024997	2.667265e-04	16.1469	1.440285	0.024997	2.667265e-04	16.1469	1.461461	0.063107	2.096429e-04	16.1605	1.461461	0.063107	2.096429e-04	16.1605	Yes	No	No	Yes	No	No	No	No	No	No	No	No	No	Yes
70	F10	8c48c3f1-22b6-46c1-8f3c-2491b3322a05	unkn	cDNA	SYBR Green I@TELO	non-saturating DNA binding dye		indiv PCR eff is 1.469 < 1.7	0.053946	0.042073	0.192752	0.09650000000000002	0.0965	11	18	4	15.5	0.078095	1.468802	0.999944	2.016952e-04	16.0504	16.0504	1.461461	0.063107	2.179842e-04	16.0577	1.461461	0.063107	2.179842e-04	16.0577	1.440285	0.024997	2.733206e-04	16.0800	1.440285	0.024997	2.733206e-04	16.0800	1.461461	0.063107	2.179842e-04	16.0577	1.461461	0.063107	2.179842e-04	16.0577	Yes	No	No	Yes	No	No	No	No	No	No	No	No	No	Yes
71	F11	6dd6cb98-932d-4fad-b068-057787664000	unkn	cDNA	SYBR Green I@TELO	non-saturating DNA binding dye		indiv PCR eff is 1.376 < 1.7	0.044994	0.042073	0.192752	0.09650000000000002	0.0965	12	18	5	16.0	0.097152	1.376096	0.999789	5.875870e-04	15.9789	15.9789	1.461461	0.063107	2.243143e-04	15.9823	1.461461	0.063107	2.243143e-04	15.9823	1.440285	0.024997	2.833177e-04	15.9815	1.440285	0.024997	2.833177e-04	15.9815	1.461461	0.063107	2.243143e-04	15.9823	1.461461	0.063107	2.243143e-04	15.9823	Yes	No	No	Yes	No	Yes	Yes	No	No	No	No	No	No	Yes
72	F12	6dd6cb98-932d-4fad-b068-057787664000	unkn	cDNA	SYBR Green I@TELO	non-saturating DNA binding dye		indiv PCR eff is 1.379 < 1.7	0.047653	0.042073	0.192752	0.09650000000000002	0.0965	11	18	5	16.0	0.100006	1.378541	0.999913	5.879097e-04	15.8888	15.8888	1.461461	0.063107	2.309048e-04	15.9059	1.461461	0.063107	2.309048e-04	15.9059	1.440285	0.024997	2.916418e-04	15.9022	1.440285	0.024997	2.916418e-04	15.9022	1.461461	0.063107	2.309048e-04	15.9059	1.461461	0.063107	2.309048e-04	15.9059	Yes	No	No	Yes	No	Yes	Yes	No	No	No	No	No	No	Yes
73	G1	5a795483-a272-4934-9172-76d331612b3e	pos	cDNA	SYBR Green I@TELO	non-saturating DNA binding dye		indiv PCR eff is 1.562 < 1.7	0.049547	0.042073	0.192752	0.09650000000000002	0.0965	11	22	3	20.0	0.084662	1.561793	0.999896	1.135584e-05	20.2936	20.2936	1.461461	0.063107	4.284956e-05	20.3449	1.461461	0.063107	4.284956e-05	20.3449	1.440285	0.024997	5.737428e-05	20.3587	1.440285	0.024997	5.737428e-05	20.3587	1.461461	0.063107	4.284956e-05	20.3449	1.461461	0.063107	4.284956e-05	20.3449	Yes	No	No	Yes	No	Yes	Yes	No	No	No	No	No	No	Yes
74	G2	5a795483-a272-4934-9172-76d331612b3e	pos	cDNA	SYBR Green I@TELO	non-saturating DNA binding dye		indiv PCR eff is 1.553 < 1.7	0.051653	0.042073	0.192752	0.09650000000000002	0.0965	11	22	3	20.0	0.092895	1.553320	0.999921	1.389229e-05	20.0865	20.0865	1.461461	0.063107	4.701633e-05	20.1003	1.461461	0.063107	4.701633e-05	20.1003	1.440285	0.024997	6.295346e-05	20.1044	1.440285	0.024997	6.295346e-05	20.1044	1.461461	0.063107	4.701633e-05	20.1003	1.461461	0.063107	4.701633e-05	20.1003	Yes	No	No	Yes	No	Yes	Yes	No	No	No	No	No	No	Yes
75	G3	ba9a4d2c-8693-4e4b-be22-8135ceabe783	unkn	cDNA	SYBR Green I@TELO	non-saturating DNA binding dye		indiv PCR eff is 1.463 < 1.7	0.055035	0.042073	0.192752	0.09650000000000002	0.0965	12	18	4	15.5	0.084597	1.463460	0.999569	2.311797e-04	15.8457	15.8457	1.461461	0.063107	2.361315e-04	15.8470	1.461461	0.063107	2.361315e-04	15.8470	1.440285	0.024997	2.960748e-04	15.8608	1.440285	0.024997	2.960748e-04	15.8608	1.461461	0.063107	2.361315e-04	15.8470	1.461461	0.063107	2.361315e-04	15.8470	Yes	No	No	Yes	No	No	No	No	No	No	No	No	No	Yes
76	G4	ba9a4d2c-8693-4e4b-be22-8135ceabe783	unkn	cDNA	SYBR Green I@TELO	non-saturating DNA binding dye		indiv PCR eff is 1.465 < 1.7	0.056843	0.042073	0.192752	0.09650000000000002	0.0965	12	18	4	15.5	0.081535	1.464591	0.999792	2.201610e-04	15.9416	15.9416	1.461461	0.063107	2.275858e-04	15.9441	1.461461	0.063107	2.275858e-04	15.9441	1.440285	0.024997	2.853597e-04	15.9619	1.440285	0.024997	2.853597e-04	15.9619	1.461461	0.063107	2.275858e-04	15.9441	1.461461	0.063107	2.275858e-04	15.9441	Yes	No	No	Yes	No	No	No	No	No	No	No	No	No	Yes
77	G5	ba0c753c-46d9-4e7c-8080-a71a884a6eb3	unkn	cDNA	SYBR Green I@TELO	non-saturating DNA binding dye		indiv PCR eff is 1.481 < 1.7	0.055869	0.042073	0.192752	0.09650000000000002	0.0965	11	18	4	16.5	0.106611	1.481359	0.999722	1.628947e-04	16.2464	16.2464	1.461461	0.063107	2.036170e-04	16.2374	1.461461	0.063107	2.036170e-04	16.2374	1.440285	0.024997	2.590597e-04	16.2269	1.440285	0.024997	2.590597e-04	16.2269	1.461461	0.063107	2.036170e-04	16.2374	1.461461	0.063107	2.036170e-04	16.2374	Yes	No	No	Yes	No	No	No	No	No	No	No	No	No	Yes
78	G6	ba0c753c-46d9-4e7c-8080-a71a884a6eb3	unkn	cDNA	SYBR Green I@TELO	non-saturating DNA binding dye		indiv PCR eff is 1.469 < 1.7	0.051443	0.042073	0.192752	0.09650000000000002	0.0965	11	18	4	16.5	0.105361	1.468657	0.999818	1.855649e-04	16.2714	16.2714	1.461461	0.063107	2.012303e-04	16.2685	1.461461	0.063107	2.012303e-04	16.2685	1.440285	0.024997	2.560232e-04	16.2592	1.440285	0.024997	2.560232e-04	16.2592	1.461461	0.063107	2.012303e-04	16.2685	1.461461	0.063107	2.012303e-04	16.2685	Yes	No	No	Yes	No	No	No	No	No	No	No	No	No	Yes
79	G7	5f5b39a8-deb6-455b-b19b-a04a295a84cb	unkn	cDNA	SYBR Green I@TELO	non-saturating DNA binding dye		indiv PCR eff is 1.438 < 1.7	0.053054	0.042073	0.192752	0.09650000000000002	0.0965	11	17	4	15.5	0.105859	1.437523	0.999878	3.816772e-04	15.2450	15.2450	1.461461	0.063107	2.954790e-04	15.2561	1.461461	0.063107	2.954790e-04	15.2561	1.440285	0.024997	3.704880e-04	15.2463	1.440285	0.024997	3.704880e-04	15.2463	1.461461	0.063107	2.954790e-04	15.2561	1.461461	0.063107	2.954790e-04	15.2561	Yes	No	No	Yes	No	No	No	No	No	No	No	No	No	Yes
80	G8	5f5b39a8-deb6-455b-b19b-a04a295a84cb	unkn	cDNA	SYBR Green I@TELO	non-saturating DNA binding dye		indiv PCR eff is 1.435 < 1.7	0.051404	0.042073	0.192752	0.09650000000000002	0.0965	11	17	4	15.5	0.103740	1.435437	0.999848	3.825533e-04	15.2999	15.2999	1.461461	0.063107	2.895643e-04	15.3093	1.461461	0.063107	2.895643e-04	15.3093	1.440285	0.024997	3.630718e-04	15.3017	1.440285	0.024997	3.630718e-04	15.3017	1.461461	0.063107	2.895643e-04	15.3093	1.461461	0.063107	2.895643e-04	15.3093	Yes	No	No	Yes	No	No	No	No	No	No	No	No	No	Yes
81	G9	c99ba540-0d04-4b5e-b599-cc2e32acd40c	unkn	cDNA	SYBR Green I@TELO	non-saturating DNA binding dye		indiv PCR eff is 1.426 < 1.7	0.052624	0.042073	0.192752	0.09650000000000002	0.0965	12	17	4	14.5	0.085112	1.426126	0.999860	4.951075e-04	14.8538	14.8538	1.461461	0.063107	3.471978e-04	14.8310	1.461461	0.063107	3.471978e-04	14.8310	1.440285	0.024997	4.290282e-04	14.8442	1.440285	0.024997	4.290282e-04	14.8442	1.461461	0.063107	3.471978e-04	14.8310	1.461461	0.063107	3.471978e-04	14.8310	Yes	No	No	Yes	No	No	No	No	No	No	No	No	No	Yes
82	G10	c99ba540-0d04-4b5e-b599-cc2e32acd40c	unkn	cDNA	SYBR Green I@TELO	non-saturating DNA binding dye		indiv PCR eff is 1.427 < 1.7	0.050672	0.042073	0.192752	0.09650000000000002	0.0965	12	17	4	14.5	0.081259	1.427171	0.999925	4.677055e-04	14.9833	14.9833	1.461461	0.063107	3.314821e-04	14.9530	1.461461	0.063107	3.314821e-04	14.9530	1.440285	0.024997	4.096086e-04	14.9712	1.440285	0.024997	4.096086e-04	14.9712	1.461461	0.063107	3.314821e-04	14.9530	1.461461	0.063107	3.314821e-04	14.9530	Yes	No	No	Yes	No	No	No	No	No	No	No	No	No	Yes
83	G11	0283f875-330b-4107-90ab-37981045bd28	unkn	cDNA	SYBR Green I@TELO	non-saturating DNA binding dye		indiv PCR eff is 1.477 < 1.7	0.046065	0.042073	0.192752	0.09650000000000002	0.0965	11	19	4	17.5	0.100509	1.476616	0.999675	1.096537e-04	17.3956	17.3956	1.461461	0.063107	1.313499e-04	17.3927	1.461461	0.063107	1.313499e-04	17.3927	1.440285	0.024997	1.695720e-04	17.3884	1.440285	0.024997	1.695720e-04	17.3884	1.461461	0.063107	1.313499e-04	17.3927	1.461461	0.063107	1.313499e-04	17.3927	Yes	No	No	Yes	No	No	No	No	No	No	No	No	No	Yes
84	G12	0283f875-330b-4107-90ab-37981045bd28	unkn	cDNA	SYBR Green I@TELO	non-saturating DNA binding dye		indiv PCR eff is 1.467 < 1.7	0.050842	0.042073	0.192752	0.09650000000000002	0.0965	11	18	4	16.5	0.088644	1.466848	0.999921	1.593303e-04	16.7216	16.7216	1.461461	0.063107	1.693023e-04	16.7238	1.461461	0.063107	1.693023e-04	16.7238	1.440285	0.024997	2.154016e-04	16.7327	1.440285	0.024997	2.154016e-04	16.7327	1.461461	0.063107	1.693023e-04	16.7238	1.461461	0.063107	1.693023e-04	16.7238	Yes	No	No	Yes	No	No	No	No	No	No	No	No	No	Yes
85	H1	8fac55a6-e931-462c-82f8-786d41afd374	ntc	cDNA	SYBR Green I@TELO	non-saturating DNA binding dye	amplification in negative control		0.058537	0.042073	0.192752	0.09650000000000002	0.0965	8	35	0	nan	nan	nan	nan	nan	nan	nan	1.461461	0.063107	nan	nan	1.461461	0.063107	nan	nan	1.440285	0.024997	nan	nan	1.440285	0.024997	nan	nan	1.461461	0.063107	nan	nan	1.461461	0.063107	nan	nan	Yes	No	No	No	No	Yes	Yes	No	No	No	No	No	No	No
86	H2	8fac55a6-e931-462c-82f8-786d41afd374	ntc	cDNA	SYBR Green I@TELO	non-saturating DNA binding dye	amplification in negative control		0.054288	0.042073	0.192752	0.09650000000000002	0.0965	9	35	0	nan	nan	nan	nan	nan	nan	nan	1.461461	0.063107	nan	nan	1.461461	0.063107	nan	nan	1.440285	0.024997	nan	nan	1.440285	0.024997	nan	nan	1.461461	0.063107	nan	nan	1.461461	0.063107	nan	nan	Yes	No	No	No	No	Yes	Yes	No	No	No	No	No	No	No
87	H3	3dcefe51-9daa-4d54-bf6e-02019dead1b6	unkn	cDNA	SYBR Green I@TELO	non-saturating DNA binding dye		indiv PCR eff is 1.443 < 1.7	0.054131	0.042073	0.192752	0.09650000000000002	0.0965	11	19	4	16.5	0.089481	1.443086	0.999932	2.105760e-04	16.7059	16.7059	1.461461	0.063107	1.709003e-04	16.6990	1.461461	0.063107	1.709003e-04	16.6990	1.440285	0.024997	2.174347e-04	16.7070	1.440285	0.024997	2.174347e-04	16.7070	1.461461	0.063107	1.709003e-04	16.6990	1.461461	0.063107	1.709003e-04	16.6990	Yes	No	No	Yes	No	No	No	No	No	No	No	No	No	Yes
88	H4	3dcefe51-9daa-4d54-bf6e-02019dead1b6	unkn	cDNA	SYBR Green I@TELO	non-saturating DNA binding dye		indiv PCR eff is 1.441 < 1.7	0.051339	0.042073	0.192752	0.09650000000000002	0.0965	11	19	4	16.5	0.092022	1.440606	0.999938	2.227903e-04	16.6301	16.6301	1.461461	0.063107	1.757541e-04	16.6252	1.461461	0.063107	1.757541e-04	16.6252	1.440285	0.024997	2.236101e-04	16.6302	1.440285	0.024997	2.236101e-04	16.6302	1.461461	0.063107	1.757541e-04	16.6252	1.461461	0.063107	1.757541e-04	16.6252	Yes	No	No	Yes	No	No	No	No	No	No	No	No	No	Yes
89	H5	85a7b941-f4f8-44d2-87f1-d027ae5934c2	unkn	cDNA	SYBR Green I@TELO	non-saturating DNA binding dye		indiv PCR eff is 1.428 < 1.7	0.054134	0.042073	0.192752	0.09650000000000002	0.0965	12	18	5	16.0	0.092114	1.428276	0.999893	3.071351e-04	16.1305	16.1305	1.461461	0.063107	2.126824e-04	16.1226	1.461461	0.063107	2.126824e-04	16.1226	1.440285	0.024997	2.686262e-04	16.1275	1.440285	0.024997	2.686262e-04	16.1275	1.461461	0.063107	2.126824e-04	16.1226	1.461461	0.063107	2.126824e-04	16.1226	Yes	No	No	Yes	No	No	No	No	No	No	No	No	No	Yes
90	H6	85a7b941-f4f8-44d2-87f1-d027ae5934c2	unkn	cDNA	SYBR Green I@TELO	non-saturating DNA binding dye		indiv PCR eff is 1.424 < 1.7	0.052786	0.042073	0.192752	0.09650000000000002	0.0965	12	18	5	16.0	0.087058	1.424173	0.999933	3.039520e-04	16.2912	16.2912	1.461461	0.063107	2.010083e-04	16.2714	1.461461	0.063107	2.010083e-04	16.2714	1.440285	0.024997	2.538813e-04	16.2822	1.440285	0.024997	2.538813e-04	16.2822	1.461461	0.063107	2.010083e-04	16.2714	1.461461	0.063107	2.010083e-04	16.2714	Yes	No	No	Yes	No	No	No	No	No	No	No	No	No	Yes
91	H7	1700eab0-14a3-43c1-9ded-5a4d9caa49d6	unkn	cDNA	SYBR Green I@TELO	non-saturating DNA binding dye		indiv PCR eff is 1.366 < 1.7	0.054099	0.042073	0.192752	0.09650000000000002	0.0965	12	18	5	15.0	0.091809	1.366416	0.999883	8.494592e-04	15.1596	15.1596	1.461461	0.063107	3.097991e-04	15.1313	1.461461	0.063107	3.097991e-04	15.1313	1.440285	0.024997	3.856189e-04	15.1366	1.440285	0.024997	3.856189e-04	15.1366	1.461461	0.063107	3.097991e-04	15.1313	1.461461	0.063107	3.097991e-04	15.1313	Yes	No	No	Yes	No	Yes	Yes	No	No	No	No	No	No	Yes
92	H8	1700eab0-14a3-43c1-9ded-5a4d9caa49d6	unkn	cDNA	SYBR Green I@TELO	non-saturating DNA binding dye		indiv PCR eff is 1.365 < 1.7	0.049163	0.042073	0.192752	0.09650000000000002	0.0965	12	18	5	15.0	0.090987	1.365301	0.999850	8.522312e-04	15.1889	15.1889	1.461461	0.063107	3.070257e-04	15.1550	1.461461	0.063107	3.070257e-04	15.1550	1.440285	0.024997	3.821668e-04	15.1612	1.440285	0.024997	3.821668e-04	15.1612	1.461461	0.063107	3.070257e-04	15.1550	1.461461	0.063107	3.070257e-04	15.1550	Yes	No	No	Yes	No	Yes	Yes	No	No	No	No	No	No	Yes
93	H9	abba7222-8762-4952-b046-7f60da011d5e	unkn	cDNA	SYBR Green I@TELO	non-saturating DNA binding dye		indiv PCR eff is 1.552 < 1.7	0.050173	0.042073	0.192752	0.09650000000000002	0.0965	11	20	4	18.5	0.092861	1.552260	0.999524	2.722639e-05	18.5874	18.5874	1.461461	0.063107	8.303700e-05	18.6013	1.461461	0.063107	8.303700e-05	18.6013	1.440285	0.024997	1.087764e-04	18.6054	1.440285	0.024997	1.087764e-04	18.6054	1.461461	0.063107	8.303700e-05	18.6013	1.461461	0.063107	8.303700e-05	18.6013	Yes	No	No	Yes	No	Yes	Yes	No	No	No	No	No	No	Yes
94	H10	abba7222-8762-4952-b046-7f60da011d5e	unkn	cDNA	SYBR Green I@TELO	non-saturating DNA binding dye		indiv PCR eff is 1.550 < 1.7	0.049358	0.042073	0.192752	0.09650000000000002	0.0965	11	20	4	18.5	0.088671	1.549871	0.999522	2.674939e-05	18.6931	18.6931	1.461461	0.063107	7.929048e-05	18.7230	1.461461	0.063107	7.929048e-05	18.7230	1.440285	0.024997	1.038686e-04	18.7319	1.440285	0.024997	1.038686e-04	18.7319	1.461461	0.063107	7.929048e-05	18.7230	1.461461	0.063107	7.929048e-05	18.7230	Yes	No	No	Yes	No	Yes	Yes	No	No	No	No	No	No	Yes
95	H11	b15cf9ef-2fe4-4f2a-aa3b-6e7a702383ee	unkn	cDNA	SYBR Green I@TELO	non-saturating DNA binding dye		indiv PCR eff is 1.556 < 1.7	0.049467	0.042073	0.192752	0.09650000000000002	0.0965	11	18	4	17.5	0.095115	1.555830	0.999301	4.158252e-05	17.5327	17.5327	1.461461	0.063107	1.243011e-04	17.5381	1.461461	0.063107	1.243011e-04	17.5381	1.440285	0.024997	1.604721e-04	17.5396	1.440285	0.024997	1.604721e-04	17.5396	1.461461	0.063107	1.243011e-04	17.5381	1.461461	0.063107	1.243011e-04	17.5381	Yes	No	No	Yes	No	Yes	Yes	No	No	No	No	No	No	Yes
96	H12	b15cf9ef-2fe4-4f2a-aa3b-6e7a702383ee	unkn	cDNA	SYBR Green I@TELO	non-saturating DNA binding dye		indiv PCR eff is 1.545 < 1.7	0.048300	0.042073	0.192752	0.09650000000000002	0.0965	11	19	3	18.0	0.100385	1.544769	0.999717	4.000574e-05	17.9092	17.9092	1.461461	0.063107	1.085177e-04	17.8960	1.461461	0.063107	1.085177e-04	17.8960	1.440285	0.024997	1.411219e-04	17.8918	1.440285	0.024997	1.411219e-04	17.8918	1.461461	0.063107	1.085177e-04	17.8960	1.461461	0.063107	1.085177e-04	17.8960	Yes	No	No	Yes	No	Yes	Yes	No	No	No	No	No	No	Yes
