bird_ID,Year,L combination,BCI,gut length,weight,ind gut length/body weight,Diet Simpson,Diet Shannon,Diet Richness,Diet Centroid_Distance,BCI
LM-06-003,2006,2.172627845,-31.80715942,,460,,0.110318026,0.257204895,4,0.864282959,-31.80715942
LM-06-006,2006,41.51740108,74.24789429,,524,,0.696277634,1.284920749,7,0.251611225,74.24789429
LM-06-009,2006,0.026539278,49.90411377,,566,,0.469950783,0.793578039,5,0.534401016,49.90411377
LM-06-011,2006,31.02050548,-26.79589844,,416,,0.627218323,1.209901631,7,0.290620846,-26.79589844
LM-06-012,2006,71.22349823,-3.088775635,,437,,0.708661126,1.361366983,6,0.477141226,-3.088775635
LM-06-015,2006,92.27163309,2.21673584,,529,,0.249188945,0.509074602,4,0.584966369,2.21673584
LM-06-016,2006,0,-38.1862793,,392,,0.50074278,0.817160371,3,0.566619427,-38.1862793
LM-06-018,2006,4.938846826,-28.52606201,,434,,0.5683258,1.085314491,5,0.584176977,-28.52606201
LM-06-021,2006,75.07055503,-18.39297485,,468,,0.48557222,0.94641386,5,0.513080587,-18.39297485
LM-06-027,2006,31.87898375,15.2779541,,553,,0.651896022,1.208928346,6,0.343195952,15.2779541
LM-06-029,2006,53.00364078,-36.80834961,,513,,0.610877225,1.039098318,4,0.409497081,-36.80834961
LM-06-033,2006,12.32594121,-4.04498291,,520,,0.219840781,0.423787735,3,0.796369459,-4.04498291
LM-06-034,2006,22.71155176,6.925048828,,520,,0.72596307,1.427108078,5,0.373742883,6.925048828
LM-06-036,2006,4.092504899,-16.70941162,,511,,0.669719837,1.268685138,6,0.567763817,-16.70941162
LM-06-037,2006,1.281572726,-21.95782471,,440,,0.620642492,1.233376345,6,0.659869925,-21.95782471
LM-06-038,2006,3.088644334,5.624481201,,476,,0.75717828,1.535340822,6,0.449060458,5.624481201
LM-06-039,2006,59.2498655,10.66687012,,503,,0.674983769,1.217355021,4,0.474198889,10.66687012
LM-06-040,2006,41.499612,11.23944092,,505,,0.582006297,0.993804382,5,0.312094467,11.23944092
LM-06-041,2006,0.783251592,-48.0776062,,461,,0.467313618,0.687179221,4,0.527836966,-48.0776062
LM-06-042,2006,0.008991593,13.80239868,,497,,0.594461167,1.091380551,5,0.455974027,13.80239868
LM-06-046,2006,0.703055094,-13.96707153,,434,,0.648026125,1.069027731,3,0.637117202,-13.96707153
LM-06-048,2006,44.57955217,-39.87237549,,455,,0.654620887,1.230715664,8,0.422482941,-39.87237549
LM-06-049,2006,7.579280862,-30.2052002,,448,,0.702928377,1.511913124,8,0.53184833,-30.2052002
LM-06-077,2006,83.04273195,-4.504455566,,487,,0.357528116,0.630704564,4,0.491635104,-4.504455566
LM-06-080,2006,99.31422407,7.793609619,,495,,0.0374801,0.106669801,3,0.625747131,7.793609619
LM-06-081,2006,59.68878994,-0.640167236,,504,,0.616331905,1.180326361,10,0.312683073,-0.640167236
LM-06-082,2006,32.0596544,3.212158203,,516,,0.690630087,1.302982092,12,0.221215467,3.212158203
LM-06-083,2006,20.25362949,9.48425293,,554,,0.667214581,1.203042314,5,0.273394726,9.48425293
LM-06-084,2006,30.94908862,-23.93063354,,488,,0.669129163,1.207408342,6,0.270213605,-23.93063354
LM-06-085,2006,1.424903723,-18.47174072,,498,,0.391454202,0.694085008,3,0.594550271,-18.47174072
LM-06-086,2006,48.31309042,-1.956604004,,438,,0.602814107,1.106540276,7,0.375493278,-1.956604004
LM-06-087,2006,16.63382989,-24.38241577,,432,,0.409863003,0.813394552,5,0.484873797,-24.38241577
LM-06-089,2006,4.256594724,12.14233398,,526,,0.382913222,0.749916542,7,0.498033707,12.14233398
LM-06-090,2006,21.88554208,8.633422852,,538,,0.641112612,1.237587967,8,0.334391118,8.633422852
LM-06-091,2006,30.49240472,29.35998535,,536,,0.548797042,0.912026031,4,0.389760807,29.35998535
LM-06-093,2006,0.027322404,-37.17349243,,432,,0.318755562,0.531629805,3,0.734852883,-37.17349243
LM-06-094,2006,62.29544449,-20.78076172,,463,,0.686422035,1.288947345,5,0.340800164,-20.78076172
LM-06-099,2006,0.776748971,-16.42645264,,466,,0.653822186,1.106576924,4,0.545023691,-16.42645264
LM-06-100,2006,0,-27.2237854,,458,,0.491388539,0.710549103,3,0.712084278,-27.2237854
LM-06-109,2006,0,8.936035156,,512,,0,0,1,0.624784503,8.936035156
LM-06-110,2006,19.91913747,20.27276611,,518,,0.319081996,0.500397729,3,0.468365911,20.27276611
LM-06-111,2006,64.4658311,13.41235352,,525,,0.458147946,0.650690788,2,0.381768725,13.41235352
LM-06-131,2006,61.8778861,-24.6343689,,479,,0.563430194,1.001573735,4,0.320068947,-24.6343689
LM-06-135,2006,1.222945077,-10.74072266,,540,,0.035280387,0.101096695,4,0.612850719,-10.74072266
LM-06-136,2006,0.010055304,-28.8560791,,498,,0.254924544,0.42348323,4,0.572733104,-28.8560791
LM-06-142,2006,6.868318123,-30.81799316,,471,,0.27704378,0.624461247,5,0.500249822,-30.81799316
LM-06-181,2006,32.38966318,14.96051025,,491,,0.741118051,1.418305409,5,0.20350818,14.96051025
LM-06-187,2006,1.346575676,7.144805908,,480,,0.572851195,1.037083794,5,0.427579764,7.144805908
LM-07-003,2007,47.83359791,-19.31488037,87,457.96,0.190,0.604513726,1.054581852,10,0.44707094,-19.31488037
LM-07-004,2007,20.63352273,7.61050415,93,462.91,0.201,0.68148175,1.404883295,8,0.343600619,7.61050415
LM-07-005,2007,38.7634545,-3.881988525,90,452.14,0.199,0.711126636,1.30259343,4,0.55600752,-3.881988525
LM-07-006,2007,38.17133343,-7.278991699,90,445.09,0.202,0.716350535,1.387450782,7,0.526203816,-7.278991699
LM-07-008,2007,4.301403295,12.20257568,96.5,465.52,0.207,0.57083796,1.012753656,6,0.503806738,12.20257568
LM-07-009,2007,10.05576856,-3.862670898,91,525.76,0.173,0.180891675,0.326306609,2,0.512642802,-3.862670898
LM-07-010,2007,25.97379286,-9.420623779,93,455.83,0.204,0.691587464,1.370993511,9,0.325895518,-9.420623779
LM-07-011,2007,2.922835245,37.94985962,97,505.68,0.192,0.545574182,0.984620259,6,0.682875157,37.94985962
LM-07-018,2007,0,-4.429382324,97,495.72,0.196,0,0,1,0.78249435,-4.429382324
LM-07-019,2007,23.74718756,-10.86434937,92,468.24,0.196,0.151089553,0.357643517,8,0.550672732,-10.86434937
LM-07-021,2007,0.907375437,0.254333496,102,513.21,0.199,0.218142651,0.405689389,3,0.531465384,0.254333496
LM-07-023,2007,23.65583456,3.88079834,90,450.27,0.200,0.542886453,1.053291833,5,0.576994567,3.88079834
LM-07-024,2007,5.890574259,34.63961792,93,489.34,0.190,0.598843853,1.215760853,7,0.60684349,34.63961792
LM-07-025,2007,6.324666198,24.10882568,96,477.47,0.201,0.125332447,0.261711977,3,0.737626523,24.10882568
LM-07-027,2007,26.46427756,14.13912964,94,472.4,0.199,0.490080236,0.857744549,4,0.612853216,14.13912964
LM-07-028,2007,23.96515218,31.57843018,104,502.84,0.207,0.753385239,1.451013345,8,0.495429328,31.57843018
LM-07-029,2007,10.96636412,48.13516235,98,522.93,0.187,0.59371502,1.108545367,5,0.542167642,48.13516235
LM-07-037,2007,21.35481206,-23.80389404,103,484.52,0.213,0.327032066,0.509523392,4,0.466882513,-23.80389404
LM-07-038,2007,86.94869487,7.913482666,104,504.2,0.206,0.227651568,0.4019353,4,0.636090447,7.913482666
LM-07-041,2007,40.68316629,12.17285156,98,472.48,0.207,0.579836252,0.942393721,4,0.363284013,12.17285156
LM-07-042,2007,11.37257104,-6.21383667,92,462.37,0.199,0.308486751,0.586841375,3,0.716216402,-6.21383667
LM-07-043,2007,10.92552938,-31.63201904,100,449.34,0.223,0.464067703,0.810644619,3,0.460052158,-31.63201904
LM-07-044,2007,26.78055191,36.89645386,103,536.25,0.192,0.74076067,1.465146339,6,0.620418204,36.89645386
LM-07-045,2007,0,11.86334229,100,528.83,0.189,0,0,1,0.570180487,11.86334229
LM-07-046,2007,6.070406223,25.09280396,90,473,0.190,0.521961249,0.947501344,5,0.423260825,25.09280396
LM-07-053,2007,10.37084604,-36.86865234,102,474.37,0.215,0.194988467,0.436735766,7,0.581009857,-36.86865234
LM-07-054,2007,29.29726576,15.20675659,101,511.8,0.197,0.656576718,1.374113559,9,0.36749455,15.20675659
LM-07-056,2007,6.882758621,3.786010742,99,486.38,0.204,0.306703943,0.582446537,4,0.421893326,3.786010742
LM-07-060,2007,23.8360908,-15.67791748,92,516.38,0.178,0.535878185,0.96597553,4,0.600613774,-15.67791748
LM-07-061,2007,1.400768563,-0.629577637,102,506.14,0.202,0.459022152,0.700575618,3,0.480495227,-0.629577637
LM-07-064,2007,93.92624729,15.29238892,99,515.32,0.192,0.492243708,0.942125347,6,0.736392847,15.29238892
LM-07-066,2007,51.36446648,22.7013855,91.5,486.33,0.188,0.522598623,0.790999032,3,0.447303097,22.7013855
LM-07-070,2007,0.709219858,-20.40426636,88,488.22,0.180,0.058979143,0.13618049,2,0.753362046,-20.40426636
LM-07-073,2007,3.597815612,-3.800079346,100,472.71,0.212,0.165908879,0.369105398,4,0.486550533,-3.800079346
LM-07-082,2007,2.605428987,36.01403809,94,533.9,0.176,0.621114751,1.100352816,4,0.394596104,36.01403809
LM-07-092,2007,16.24718441,43.42419434,93,549.18,0.169,0.711382887,1.344534408,6,0.221459805,43.42419434
LM-07-094,2007,57.20586988,-30.19485474,95,414.78,0.229,0.773385593,1.626584879,7,0.551312583,-30.19485474
LM-07-095,2007,0,9.666046143,96,469.94,0.204,0.484588076,0.681785798,3,0.283058549,9.666046143
LM-07-096,2007,2.672554032,-4.483673096,98,502.64,0.195,0.499507421,0.770673653,3,0.297854728,-4.483673096
LM-07-103,2007,3.072065751,37.69641113,99,545.77,0.181,0.032009479,0.101037428,5,0.581611156,37.69641113
LM-07-106,2007,9.88158432,46.97106934,99,567.71,0.174,0.692117296,1.346728247,7,0.199931733,46.97106934
LM-07-108,2007,12.04864359,2.147277832,100,497.32,0.201,0.103125343,0.211663285,2,0.581523339,2.147277832
LM-07-109,2007,0.60947023,10.54147339,97,465.18,0.209,0.011652575,0.036290563,3,0.586473587,10.54147339
LM-07-110,2007,0.578865726,-8.056304932,90,445.38,0.202,0.013021379,0.04333252,4,0.586160014,-8.056304932
LM-07-111,2007,2.548190858,33.97344971,92,488.99,0.188,0.416711975,0.692937052,4,0.33762672,33.97344971
LM-07-118,2007,54.57380457,-3.223297119,97,499.6,0.194,0.607736635,1.075248296,5,0.40617503,-3.223297119
LM-07-121,2007,0.806182321,37.14544678,95,469,0.203,0.022428647,0.073101459,6,0.584766741,37.14544678
LM-07-142,2007,9.853012437,14.94900513,97,490.54,0.198,0.503882896,0.954411896,4,0.3482367,14.94900513
LM-07-146,2007,49.20225246,3.805603027,91,510.16,0.178,0.675394574,1.204092777,5,0.619127654,3.805603027
LM-08-001,2008,0,1.820861816,102,499.61,0.204,0.341901728,0.525439958,2,0.212073851,1.820861816
LM-08-002,2008,0,-8.044067383,99,464.42,0.213,0.278113842,0.450966789,2,0.208678128,-8.044067383
LM-08-004,2008,0,-3.744537354,100,479.36,0.209,0.620203169,1.026922922,3,0.25561544,-3.744537354
LM-08-006,2008,13.6598738,-33.01412964,98,438.44,0.224,0.477491113,0.908084378,5,0.132537567,-33.01412964
LM-08-008,2008,0,31.18148804,91,541.07,0.168,0.466574821,0.659339256,2,0.446511192,31.18148804
LM-08-012,2008,0,-3.078979492,98,478.66,0.205,0.512072576,0.769100253,3,0.253549015,-3.078979492
LM-08-014,2008,3.067325188,64.14761353,99,525.1,0.189,0.15479732,0.403162587,8,0.248063905,64.14761353
LM-08-017,2008,0,29.36071777,101,543.47,0.186,0.065528309,0.15964029,3,0.259206747,29.36071777
LM-08-018,2008,0.487077535,15.92858887,104,550.78,0.189,0.296069053,0.590304637,4,0.143582256,15.92858887
LM-08-019,2008,5.40761837,38.65731812,100,550.44,0.182,0.354932661,0.797800911,7,0.171895553,38.65731812
LM-08-020,2008,2.638850511,-28.55410767,98,476.34,0.206,0.56807105,1.039730544,5,0.285306368,-28.55410767
LM-08-024,2008,0,-26.79107666,99,474.56,0.209,0.344743444,0.64497325,3,0.684798981,-26.79107666
LM-08-033,2008,45.60044893,30.2611084,98,559.57,0.175,0.692533605,1.375798665,7,0.528880917,30.2611084
LM-08-034,2008,0,43.7555542,103,520.67,0.198,0.231600912,0.489320043,4,0.714639596,43.7555542
LM-08-035,2008,2.884381048,56.42852783,100,486.99,0.205,0.321398018,0.69486202,5,0.161335655,56.42852783
LM-08-041,2008,0,35.27212524,100,522.69,0.191,0.443227301,0.63524811,2,0.545588911,35.27212524
LM-08-043,2008,0,-41.9078064,100,449.63,0.222,0.18135481,0.326941479,2,0.19023728,-41.9078064
LM-08-044,2008,1.314523886,15.01794434,103,518.31,0.199,0.730310259,1.386383243,5,0.522582608,15.01794434
LM-08-046,2008,14.87820205,15.79522705,103,527.14,0.195,0.775213401,1.598012324,9,0.522473378,15.79522705
LM-08-048,2008,0,-7.14956665,99,503.76,0.197,0.459257881,0.764456259,3,0.189591426,-7.14956665
LM-08-049,2008,0,44.00027466,101,505.6,0.200,0.593206285,0.966865294,3,0.419323179,44.00027466
LM-08-050,2008,0.113231964,-6.095153809,100,519.32,0.193,0.312072463,0.491208278,2,0.208466718,-6.095153809
LM-08-051,2008,1.088997371,15.11550903,104,512.35,0.203,0.237205335,0.501714691,4,0.214690203,15.11550903
LM-08-054,2008,8.526202183,6.740264893,100,476.38,0.210,0.568661577,1.075930717,7,0.304783997,6.740264893
LM-08-055,2008,33.68740516,31.89480591,98,522.8,0.187,0.573858861,1.009189316,4,0.313997204,31.89480591
LM-08-057,2008,0,22.6178894,105,486.83,0.216,0,0,1,0.284556797,22.6178894
LM-08-062,2008,0.029582298,27.30822754,102,458.5,0.222,0.517254177,0.827951807,6,0.313982319,27.30822754
LM-08-063,2008,39.55561057,18.63363647,107,521.97,0.205,0.710574947,1.372556907,7,0.478837367,18.63363647
LM-08-065,2008,0,26.97702026,95,511.75,0.186,0,0,1,0.284556797,26.97702026
LM-08-066,2008,0,-22.48205566,100,425.77,0.235,0.081289993,0.175643488,2,0.25166537,-22.48205566
LM-08-072,2008,0,41.0043335,101,514.52,0.196,0.575481739,0.971357298,3,0.550324817,41.0043335
LM-08-073,2008,2.186523873,-13.60604858,102,482.95,0.211,0.363944747,0.550131657,2,0.217284336,-13.60604858
LM-08-075,2008,0.885420878,-22.44125366,102,473.77,0.215,0.290236636,0.578587304,5,0.166814627,-22.44125366
LM-08-079,2008,96.10314075,-7.709472656,102,483.72,0.211,0.075624609,0.19076463,3,0.863453303,-7.709472656
LM-08-081,2008,3.02274852,62.63772583,102,517.5,0.197,0.47481154,0.742561506,3,0.171341185,62.63772583
LM-08-083,2008,4.519568177,15.19689941,98,474.03,0.207,0.611758567,1.144538122,5,0.183814085,15.19689941
LM-08-084,2008,17.36990155,2.226806641,103,454.07,0.227,0.668039547,1.267321712,5,0.295727312,2.226806641
LM-08-085,2008,0,18.41040039,97,522.96,0.185,0.158172055,0.294559006,2,0.201006315,18.41040039
LM-08-086,2008,1.087254097,63.5447998,102,521.01,0.196,0.057310887,0.163068101,5,0.259391007,63.5447998
LM-08-087,2008,0,21.48937988,106,460.65,0.230,0.043523942,0.119562941,3,0.26203387,21.48937988
LM-08-095,2008,29.88670113,11.57421875,106,497.39,0.213,0.698559279,1.25295649,4,0.451396098,11.57421875
LM-08-096,2008,0,31.80395508,96,500.48,0.192,0.458805679,0.651367693,2,0.460718973,31.80395508
LM-08-114,2008,10.12074643,32.24569702,105,528.17,0.199,0.635300144,1.166849646,4,0.287565355,32.24569702
LM-08-115,2008,0.750938673,27.99267578,103,497.06,0.207,0.504261988,0.828447342,6,0.212756599,27.99267578
LM-08-118,2008,0.168634064,38.71429443,111,564.05,0.197,0.429642412,0.656212789,4,0.15031685,38.71429443
LM-08-123,2008,1.111568547,82.49987793,102,568.97,0.179,0.133980227,0.312372184,4,0.215171244,82.49987793
LM-08-125,2008,6.451126686,36.38208008,101,521.44,0.194,0.501920909,0.969635099,5,0.126097036,36.38208008
LM-08-133,2008,8.531378394,9.680755615,103,487.36,0.211,0.669861988,1.264892153,5,0.289961892,9.680755615
LM-08-136,2008,3.765368852,15.52325439,101,471.32,0.214,0.350906195,0.769350397,6,0.115717071,15.52325439
LM-08-137,2008,24.09155837,-16.81787109,100,457.69,0.218,0.691715585,1.335476815,6,0.355157591,-16.81787109
LM-08-138,2008,0.125125638,-13.04705811,103,510.05,0.202,0.163510967,0.302129967,2,0.198541738,-13.04705811
LM-08-140,2008,3.292021689,40.15719604,107,499.05,0.214,0.50663951,1.032214152,5,0.14640725,40.15719604
LM-09-001,2009,2.867866774,17.12634277,100,479.67,0.208,0.442688841,0.875550354,7,0.241990464,17.12634277
LM-09-002,2009,0.286237692,30.27697754,106,519.98,0.204,0.548625755,0.934304188,7,0.168440999,30.27697754
LM-09-004,2009,0,28.30090332,104,483.03,0.215,0.567818112,0.931892375,4,0.388441931,28.30090332
LM-09-005,2009,2.97764986,37.83840942,105,476.38,0.220,0.399232177,0.805858279,5,0.611704994,37.83840942
LM-09-006,2009,0.036158192,45.16497803,105,549.67,0.191,0.514402726,0.86795395,3,0.152602704,45.16497803
LM-09-007,2009,20.07496699,44.31765747,105,540.71,0.194,0.776715384,1.612389376,7,0.466326315,44.31765747
LM-09-009,2009,0,20.14648438,111,565.4,0.196,0.361275042,0.657025587,3,0.584713692,20.14648438
LM-09-010,2009,0,-3.417541504,97,524.13,0.185,0.40596548,0.61848916,3,0.130511938,-3.417541504
LM-09-011,2009,0,-10.14660645,102,521.94,0.195,0.111405547,0.261793478,3,0.714226775,-10.14660645
LM-09-012,2009,0.260104042,-14.38320923,103,507.41,0.203,0.56602601,0.996714466,5,0.178535625,-14.38320923
LM-09-013,2009,0,19.02011108,107,514.48,0.208,0.619500293,1.15279582,4,0.233401225,19.02011108
LM-09-014,2009,18.21561217,21.49511719,97,471.19,0.206,0.759225413,1.623768431,8,0.402967269,21.49511719
LM-09-015,2009,0.541556145,45.83892822,100,534.91,0.187,0.642031414,1.11281583,7,0.31241887,45.83892822
LM-09-016,2009,0.475984422,12.43084717,120,462.8,0.259,0.503371969,0.99456355,7,0.200666336,12.43084717
LM-09-017,2009,0,48.66079712,101,494.25,0.204,0.35425334,0.604893686,5,0.537013535,48.66079712
LM-09-018,2009,0.606420927,-4.356628418,104,510.82,0.204,0.564924606,0.979328332,6,0.479538474,-4.356628418
LM-09-022,2009,0,20.85940552,97,514.2,0.189,0.462023939,0.654675164,2,0.275465072,20.85940552
LM-09-026,2009,0,50.46264648,103,581.84,0.177,0,0,1,0.342607905,50.46264648
LM-09-032,2009,0,13.81036377,95,486.23,0.195,0.163252595,0.343902952,3,0.670080414,13.81036377
LM-09-034,2009,8.769731897,7.629394531,104,452.14,0.230,0.322657809,0.651434858,4,0.237551094,7.629394531
LM-09-036,2009,40.52805281,25.4944458,98,509.35,0.192,0.648675262,1.11490947,5,0.423664109,25.4944458
LM-09-039,2009,0.289913026,26.13952637,93,539.8,0.172,0.42765329,0.618946201,2,0.260953566,26.13952637
LM-09-042,2009,0.249752849,69.58172607,108,596.21,0.181,0.386700968,0.8029874,7,0.168485887,69.58172607
LM-09-043,2009,0,19.85873413,106,488.97,0.217,0.715772209,1.430231729,7,0.610700284,19.85873413
LM-09-044,2009,0.035840459,23.60083008,109,516.82,0.211,0.5852777,0.969667293,3,0.118494791,23.60083008
LM-09-045,2009,4.635856346,21.66729736,106,482.96,0.219,0.566609273,0.962798606,5,0.231123227,21.66729736
LM-09-046,2009,0.635764103,39.90744019,105,539.5,0.195,0.506524379,0.910759693,5,0.144381235,39.90744019
LM-09-047,2009,0,-5.665222168,100,460.14,0.217,0.680556757,1.313612733,5,0.21074065,-5.665222168
LM-09-048,2009,0.867837032,8.279571533,96,512.8,0.187,0.477175122,0.966715825,7,0.190776541,8.279571533
LM-09-049,2009,1.231616735,25.67477417,100,454.84,0.220,0.535900871,0.987154356,9,0.479284691,25.67477417
LM-09-050,2009,1.667702644,27.38574219,108,540.64,0.200,0.512617331,0.961572371,9,0.522501921,27.38574219
LM-09-051,2009,3.525264395,-52.88989258,105,415.68,0.253,0.538022593,0.946048842,4,0.754830286,-52.88989258
LM-09-054,2009,0.285990848,34.09124756,103,523.81,0.197,0.426709578,0.745188909,4,0.507635254,34.09124756
LM-09-055,2009,0.074984138,52.84069824,107,561.39,0.191,0.42614809,0.617360455,2,0.437147564,52.84069824
LM-09-056,2009,0,54.84683228,102,552.38,0.185,0.560622415,0.896661547,3,0.707757964,54.84683228
LM-09-058,2009,0,56.8057251,104,512.6,0.203,0.337241008,0.520155317,2,0.533729662,56.8057251
LM-09-069,2009,0,-0.135437012,97,532.19,0.182,0,0,1,0.342607905,-0.135437012
LM-09-071,2009,0.056016133,18.63201904,102,491.29,0.208,0.516339465,0.838260216,3,0.373525867,18.63201904
LM-09-073,2009,1.770604826,12.11871338,102,522.08,0.195,0.570105311,0.997473003,4,0.164899666,12.11871338
LM-09-078,2009,0.054730543,49.63043213,105,536.9,0.196,0.101636735,0.230217299,3,0.287300799,49.63043213
LM-09-081,2009,0.664397613,51.64004517,95,512.23,0.185,0.581245525,1.020090005,6,0.187183355,51.64004517
LM-09-084,2009,6.667178364,16.11328125,106,533.65,0.199,0.493705209,0.925901998,8,0.584708937,16.11328125
LM-09-085,2009,3.488148005,1.690307617,102,474.89,0.215,0.496398388,0.830257067,4,0.127359486,1.690307617
LM-09-087,2009,0.041188937,14.38830566,105,480.24,0.219,0.503198109,0.823618216,6,0.268969724,14.38830566
LM-09-088,2009,0.290930979,32.01266479,91,518.71,0.175,0.231215463,0.496202076,4,0.238028489,32.01266479
LM-09-089,2009,0.446208113,41.62927246,106,540.74,0.196,0.511201478,0.77040893,5,0.305069563,41.62927246
LM-09-090,2009,0.270311579,2.968841553,110,491.26,0.224,0.354666282,0.651898954,7,0.255737344,2.968841553
LM-09-092,2009,4.833467106,-7.854278564,105,442.59,0.237,0.599354292,1.126340642,8,0.314711485,-7.854278564
LM-09-093,2009,0.109297052,25.83950806,104,499.91,0.208,0.35742635,0.607351504,6,0.243724448,25.83950806
LM-09-099,2009,15.46768917,22.85107422,108,543.8,0.199,0.325934629,0.619725304,5,0.315452459,22.85107422
LM-09-102,2009,0.841740792,-2.826416016,99,451.45,0.219,0.511347138,1.03992964,13,0.246921482,-2.826416016
LM-09-103,2009,0,24.73526001,105,510.35,0.206,0.322866747,0.612551614,3,0.647888073,24.73526001
LM-09-104,2009,0,57.10003662,114,537.59,0.212,0.490093651,0.69819755,3,0.323223922,57.10003662
LM-09-105,2009,1.206281228,47.29550171,105,490.48,0.214,0.496270381,0.689412911,2,0.288464638,47.29550171
LM-09-106,2009,3.546361286,8.083496094,101,515.49,0.196,0.729705858,1.428854045,6,0.442370556,8.083496094
LM-09-107,2009,4.415628443,23.0894165,97,513.23,0.189,0.336179974,0.556805448,4,0.152473442,23.0894165
LM-09-108,2009,0.449019247,5.33480835,99,516.77,0.192,0.002570016,0.009849484,2,0.342359457,5.33480835
LM-09-109,2009,1.300145411,33.43557739,106,510.35,0.208,0.117200562,0.279530075,4,0.28486517,33.43557739
LM-09-122,2009,0,13.537323,110,477.84,0.230,0.363599296,0.574240911,3,0.252041581,13.537323
LM-09-127,2009,2.744911036,34.52185059,104,573.72,0.181,0.088031265,0.234440002,5,0.306919818,34.52185059
LM-09-128,2009,0,8.340667725,107,488.59,0.219,0.499924404,0.693071583,2,0.241076869,8.340667725
LM-09-134,2009,0,-1.928192139,103,445.63,0.231,0,0,1,0.342607905,-1.928192139
LM-09-137,2009,0.612016584,-25.45526123,99,417.19,0.237,0.601032401,1.115985739,5,0.325562319,-25.45526123
LM-09-138,2009,0,13.00466919,97,485.8,0.200,0.565538174,1.074360341,4,0.194221284,13.00466919
LM-09-139,2009,0.089261458,12.10098267,97,482.85,0.201,0.502912816,0.86528179,4,0.073439556,12.10098267
LM-09-140,2009,0,5.89831543,103,490.28,0.210,0.476188948,0.694630705,3,0.145923703,5.89831543
LM-09-142,2009,0.105840303,18.22198486,101,514.4,0.196,0.154803901,0.289745648,2,0.29141217,18.22198486
LM-09-143,2009,0.158362302,39.94403076,108,556.61,0.194,0.037465282,0.118323601,5,0.335543879,39.94403076
LM-09-144,2009,0.051988563,75.28179932,106,558.91,0.190,0.607989865,1.15754258,7,0.708781718,75.28179932
LM-09-146,2009,4.423660263,19.26715088,107,550.24,0.194,0.409772283,0.698540683,3,0.520625879,19.26715088
LM-09-147,2009,0.207641196,18.19732666,105,541.88,0.194,0.457626623,0.650154042,2,0.140205174,18.19732666
LM-09-165,2009,3.433476395,72.61453247,98,551.18,0.178,0.499499064,0.692646161,2,0.346368021,72.61453247
LM-09-166,2009,0.874498409,37.53442383,94,539.92,0.174,0.118363575,0.255976498,3,0.297468946,37.53442383
LM-10-001,2010,91.74461674,-51.91525269,96,397.57,0.241,0.650060068,1.227479587,6,0.704213878,-51.91525269
LM-10-005,2010,77.95119183,-14.19088745,113,503.83,0.224,0.682775483,1.397378854,8,0.68133943,-14.19088745
LM-10-011,2010,24.61783598,12.01602173,106,511.94,0.207,0.658456471,1.194915575,4,0.542028072,12.01602173
LM-10-012,2010,15.79653378,-6.517791748,101,427.98,0.236,0.439966453,0.889345225,7,0.633631881,-6.517791748
LM-10-013,2010,11.66832793,32.03967285,101,523.5,0.193,0.521547953,0.885019807,3,0.502779965,32.03967285
LM-10-018,2010,44.26592798,-5.321411133,98,470.15,0.208,0.650987638,1.140038703,4,0.501294137,-5.321411133
LM-10-023,2010,6.047389663,-1.565307617,116,534.97,0.217,0.621748329,1.174195218,5,0.309488837,-1.565307617
LM-10-024,2010,12.36478615,-13.46234131,106,519.27,0.204,0.447388425,0.96833509,7,0.442369775,-13.46234131
LM-10-027,2010,31.30241423,-0.159545898,103,458.51,0.225,0.701384239,1.441640448,7,0.558403764,-0.159545898
LM-10-031,2010,0,-11.65667725,118,451.13,0.262,0,0,1,0.608627354,-11.65667725
LM-10-032,2010,7.886119702,22.32797241,103,503.3,0.205,0.761279248,1.545223925,6,0.339774651,22.32797241
LM-10-034,2010,11.56310257,-57.57028198,107,382.07,0.280,0.557048716,1.044832363,7,0.466574735,-57.57028198
LM-10-038,2010,2.145530905,-12.77642822,96,498.06,0.193,0.600379895,1.19871243,6,0.410892281,-12.77642822
LM-10-040,2010,0.659796063,46.74862671,109,517.23,0.211,0.511157176,0.759638612,4,0.466813216,46.74862671
LM-10-045,2010,25.0974623,23.35205078,106,583.56,0.182,0.584076004,1.115518171,5,0.399154584,23.35205078
LM-10-048,2010,2.106118829,18.23291016,101,486.73,0.208,0.442495423,0.848723398,8,0.538104271,18.23291016
LM-10-049,2010,0,-38.5418396,107,476.73,0.224,0.448231184,0.640445836,2,0.382784136,-38.5418396
LM-10-051,2010,1.132075472,10.32232666,98,540.02,0.181,0.439755283,0.935186663,6,0.554852842,10.32232666
LM-10-053,2010,0.175675676,-10.25689697,105,450.89,0.233,0.373272251,0.727313568,4,0.458077014,-10.25689697
LM-10-054,2010,5.744447491,-18.09796143,106,486.14,0.218,0.377625415,0.769115177,4,0.423143723,-18.09796143
LM-10-055,2010,14.92705882,-9.473632813,105,543.76,0.193,0.59159304,1.093040153,4,0.3089873,-9.473632813
LM-10-058,2010,6.462494452,-8.461669922,99,493.25,0.201,0.46068347,0.779153762,3,0.375087021,-8.461669922
LM-10-059,2010,0,-27.18939209,97,434.89,0.223,0,0,1,0.597688024,-27.18939209
LM-10-061,2010,0,28.03646851,99,469.42,0.211,0.289079022,0.464118817,2,0.467841298,28.03646851
LM-10-066,2010,16.70206311,9.695678711,103,551.19,0.187,0.42798288,0.8047597,5,0.626826499,9.695678711
LM-10-067,2010,26.89546063,-37.50509644,92,429.26,0.214,0.393236052,0.582216293,2,0.664788229,-37.50509644
LM-10-068,2010,5.476621028,31.06036377,107,547.12,0.196,0.480153855,0.926996018,4,0.41734535,31.06036377
LM-10-074,2010,97.5312817,-48.24850464,98,401.04,0.244,0.048155452,0.115758809,2,0.759392587,-48.24850464
LM-10-075,2010,31.28583129,18.02331543,103,512.04,0.201,0.084611303,0.185228008,3,0.575904595,18.02331543
LM-10-078,2010,30.36617439,7.788238525,96,461.72,0.208,0.633324067,1.210046908,8,0.592161979,7.788238525
LM-10-079,2010,20.53395449,-13.17379761,98,465.63,0.210,0.563788157,1.026607373,4,0.578464416,-13.17379761
LM-10-085,2010,52.59608901,26.40875244,98,475.2,0.206,0.516309553,0.772862235,3,0.534320928,26.40875244
LM-10-091,2010,11.64499717,-9.181793213,96,475.94,0.202,0.621654029,1.164194196,4,0.497804644,-9.181793213
LM-10-093,2010,11.39726206,13.44219971,100,540.42,0.185,0.630197556,1.126880503,5,0.400620171,13.44219971
LM-10-094,2010,4.516058012,17.02435303,95,440.13,0.216,0.498551179,0.917224215,5,0.339234707,17.02435303
LM-10-097,2010,11.16303561,-13.87341309,104,491.1,0.212,0.649765358,1.22544576,5,0.533128321,-13.87341309
LM-10-099,2010,0,9.393676758,95,508.52,0.187,0.246479118,0.412097534,2,0.687408644,9.393676758
LM-10-100,2010,0,-2.553161621,103,496.71,0.207,0.440304755,0.632203446,2,0.387447356,-2.553161621
LM-10-102,2010,2.509483513,-7.366088867,107,465.1,0.230,0.314913862,0.627309355,4,0.482574692,-7.366088867
LM-10-107,2010,0.845024202,14.64437866,106,470.26,0.225,0.680495893,1.325009602,6,0.422630146,14.64437866
LM-10-119,2010,4.578493818,14.6807251,92,522.24,0.176,0.409014772,0.766976001,7,0.657150391,14.6807251
LM-10-122,2010,1.157878266,0.442840576,100,486.63,0.205,0.547305059,0.924882011,4,0.421711931,0.442840576
LM-10-134,2010,20.74620746,-15.01852417,106,468.19,0.226,0.418926907,0.776151205,5,0.717091766,-15.01852417
LM-10-136,2010,32.59259259,-6.779510498,100,503.08,0.199,0.534067215,0.876070272,3,0.62228477,-6.779510498
LM-10-137,2010,1.203076721,50.13705444,99,503.2,0.197,0.686035936,1.374087143,6,0.273776906,50.13705444
LM-10-139,2010,5.116580311,11.94256592,96,525.95,0.183,0.688069017,1.31740951,6,0.37164064,11.94256592
LM-10-140,2010,32.20138066,-32.22610474,96,476.88,0.201,0.737353153,1.626473638,9,0.349424277,-32.22610474
LM-10-199,2010,1.306780534,-26.02328491,93,439.95,0.211,0.496521646,0.939252709,6,0.54347763,-26.02328491
LM-10-200,2010,29.39054954,-14.03585815,98,482.94,0.203,0.497951346,0.916847584,5,0.622817236,-14.03585815
LM-10-204,2010,23.62589615,17.13964844,103,517.95,0.199,0.74126998,1.368936486,4,0.415199892,17.13964844
LM-10-208,2010,4.01516457,16.09375,97,477.93,0.203,0.526269013,0.809716866,4,0.455489843,16.09375
LM-10-220,2010,34.31210943,-48.84500122,102,392.93,0.260,0.749557666,1.503408381,6,0.306638031,-48.84500122
LM-10-222,2010,2.611002513,-23.60400391,90,481.04,0.187,0.513793672,0.915488563,4,0.402626804,-23.60400391
LM-10-223,2010,22.48301421,0.904846191,93,504.21,0.184,0.53557171,0.844597665,3,0.316667657,0.904846191
LM-10-226,2010,0,-26.18841553,101,479.93,0.210,0.114254001,0.256386099,3,0.546128801,-26.18841553
LM-10-229,2010,12.78688525,-20.21621704,97,465.58,0.208,0.462347082,0.812339249,3,0.384631547,-20.21621704
LM-10-251,2010,2.76425318,3.007110596,104,472.51,0.220,0.308722169,0.542593399,3,0.450312993,3.007110596
LM-10-257,2010,4.184429724,-1.419250488,101,463.08,0.218,0.403990443,0.8681577,5,0.409258878,-1.419250488
LM-10-259,2010,0,-25.33273315,105,490.58,0.214,0.188420453,0.336570032,2,0.511165398,-25.33273315
LM-10-265,2010,0,-6.992736816,91,528.25,0.172,0.460016976,0.652613462,2,0.375463198,-6.992736816
LM-10-268,2010,5.492039424,10.25262451,110,533.67,0.206,0.493133753,0.875907089,5,0.344631709,10.25262451
LM-10-270,2010,19.48860478,-13.02209473,100,500.55,0.200,0.57087757,1.021667089,4,0.390638744,-13.02209473
LM-10-271,2010,30.01735107,-11.3692627,88,497.33,0.177,0.6322948,1.176635983,4,0.432208894,-11.3692627
LM-10-272,2010,40.68015497,-5.091430664,103,514.37,0.200,0.520358933,0.857848507,4,0.465649384,-5.091430664
LM-10-284,2010,0,-3.033325195,103,514.55,0.200,0,0,1,0.608627354,-3.033325195
LM-10-287,2010,29.527121,3.69229126,98,491.8,0.199,0.669460013,1.147193634,4,0.435533195,3.69229126
LM-10-288,2010,6.960142772,-0.643615723,108,458.91,0.235,0.129514138,0.252606742,2,0.550529655,-0.643615723
LM-10-289,2010,2.807775378,-25.92834473,95,469.85,0.202,0.664034329,1.163154155,4,0.319256779,-25.92834473
LM-10-292,2010,3.347330534,2.615722656,105,501.47,0.209,0.744404285,1.548886996,6,0.502956155,2.615722656
LM-10-293,2010,3.268551237,15.15112305,95,530.69,0.179,0.063234339,0.143956788,2,0.582805706,15.15112305
LM-10-295,2010,35.78470659,-16.85247803,106,503.5,0.211,0.715558367,1.440547665,9,0.347421975,-16.85247803
LM-10-304,2010,6.39127046,1.339050293,97,477.35,0.203,0.119655742,0.237600422,2,0.564567842,1.339050293
LM-10-306,2010,29.95411529,13.32235718,117,489.68,0.239,0.650001945,1.129872306,5,0.327384158,13.32235718
LM-10-307,2010,13.46898183,18.01452637,103,539.37,0.191,0.676240898,1.390289235,8,0.463081594,18.01452637
LM-10-310,2010,33.79360465,-16.22268677,98,491.08,0.200,0.734470978,1.425043596,5,0.305748988,-16.22268677
LM-10-324,2010,16.49122807,-39.2411499,94,429.93,0.219,0.603795209,1.133270053,5,0.299813032,-39.2411499
LM-10-326,2010,4.381070469,-7.922332764,98,509.21,0.192,0.448295862,0.872825915,4,0.384614802,-7.922332764
LM-10-327,2010,2.13660339,-24.31796265,111,484.47,0.229,0.466392977,0.896003987,7,0.363267384,-24.31796265
LM-11-001,2011,28.76242414,-6.49118042,103.5,492.35,0.210,0.690534221,1.309981473,5,0.296773858,-6.49118042
LM-11-002,2011,13.88753056,9.80355835,114.5,480.99,0.238,0.547102357,1.213859816,10,0.459795083,9.80355835
LM-11-003,2011,52.91122235,12.38665771,103,535.11,0.192,0.620164406,1.120250295,6,0.437584115,12.38665771
LM-11-004,2011,3.206997085,17.47744751,105.2,479.84,0.219,0.062082976,0.141865556,2,0.532776318,17.47744751
LM-11-009,2011,10.25791325,25.64373779,105.5,547.66,0.193,0.374924281,0.760139004,4,0.421460476,25.64373779
LM-11-011,2011,21.15596514,87.26599121,103.5,516.53,0.200,0.613907888,1.197462914,6,0.292971899,87.26599121
LM-11-012,2011,72.19351134,-17.11624146,109.5,405.45,0.270,0.419108596,0.699153016,3,0.485155033,-17.11624146
LM-11-013,2011,58.14190914,12.96105957,98.7,467.96,0.211,0.540159438,0.941685947,7,0.433340895,12.96105957
LM-11-016,2011,0.350140056,-13.46420288,92.1,481.2,0.191,0.494511147,0.859839121,3,0.381198536,-13.46420288
LM-11-022,2011,9.745289045,36.83383179,111.7,520.36,0.215,0.633020528,1.264853813,8,0.276132423,36.83383179
LM-11-025,2011,31.61094225,22.69119263,104,486.83,0.214,0.66970926,1.15058104,4,0.534023426,22.69119263
LM-11-026,2011,3.205110705,-17.7845459,103.5,493.2,0.210,0.075334678,0.202699486,5,0.672434419,-17.7845459
LM-11-027,2011,46.85903216,-7.240631104,95,504,0.188,0.511034647,0.766793913,5,0.623588722,-7.240631104
LM-11-033,2011,100,-19.55737305,99.5,480.11,0.207,0,0,1,0.696909305,-19.55737305
LM-11-034,2011,3.642010164,9.848937988,105,539.77,0.195,0.325001052,0.678545867,5,0.483393279,9.848937988
LM-11-035,2011,11.66419019,-49.9303894,113,419.95,0.269,0.583541791,1.387227743,10,0.367234675,-49.9303894
LM-11-038,2011,0.186020739,-46.24407959,107,438.92,0.244,0.430278669,0.6496623,4,0.715605295,-46.24407959
LM-11-039,2011,31.45476608,-4.930541992,106,473.86,0.224,0.632840948,1.260428474,5,0.342417088,-4.930541992
LM-11-040,2011,39.51873578,-17.87496948,100.5,507.96,0.198,0.695195864,1.275205774,4,0.434856635,-17.87496948
LM-11-042,2011,31.29423383,-5.926544189,107,445.36,0.240,0.780125426,1.645990169,8,0.348185665,-5.926544189
LM-11-043,2011,25.17482517,7.376220703,101,447.12,0.226,0.791683395,1.58805945,5,0.279407668,7.376220703
LM-11-048,2011,0,3.820922852,103,511.59,0.201,0.449100745,0.641347135,2,0.586010105,3.820922852
LM-11-083,2011,0,41.15887451,97.4,501.57,0.194,0.16426753,0.303197126,2,0.693621944,41.15887451
LM-11-086,2011,0,-20.08032227,101.5,422.28,0.240,0,0,1,0.773560105,-20.08032227
LM-11-088,2011,17.29794214,17.11245728,94.5,458.39,0.206,0.786481145,1.655143045,6,0.544612681,17.11245728
LM-11-089,2011,0,3.993469238,105,439.89,0.239,0.381136513,0.697899188,3,0.769329076,3.993469238
LM-11-091,2011,2.309326773,-11.1730957,97.5,467.98,0.208,0.614648862,1.235077832,8,0.387850849,-11.1730957
LM-11-092,2011,12.45190626,-10.0953064,109.5,462.91,0.237,0.564405267,1.231470603,9,0.363858563,-10.0953064
LM-11-093,2011,0.523952096,-30.87094116,112.5,444.66,0.253,0.034125348,0.09794044,3,0.557012195,-30.87094116
LM-11-094,2011,67.51491054,3.886047363,113,522.34,0.216,0.538399187,0.996563332,4,0.513307421,3.886047363
LM-11-097,2011,32.26937492,3.948181152,108,523.41,0.206,0.507791529,1.080414165,8,0.578231471,3.948181152
LM-11-101,2011,100,1.160766602,107,478.84,0.223,0,0,1,0.696909305,1.160766602
LM-11-103,2011,88.36703309,9.980957031,105.5,535.29,0.197,0.221698167,0.49116699,8,0.644963798,9.980957031
LM-11-104,2011,4.068359839,38.15490723,105.5,552.58,0.191,0.618375209,1.092651824,4,0.537870713,38.15490723
LM-11-112,2011,9.049342732,-29.20098877,100.5,429,0.234,0.266266686,0.524292391,3,0.660476431,-29.20098877
LM-11-115,2011,0.603167943,-1.272399902,104.5,498.32,0.210,0.470885314,0.690070988,3,0.469687734,-1.272399902
LM-11-116,2011,45.4302512,9.651397705,107.5,480.25,0.224,0.66571008,1.300348052,6,0.367214087,9.651397705
LM-11-117,2011,14.27307905,4.526489258,102.5,515.27,0.199,0.712566711,1.416556634,8,0.467869273,4.526489258
LM-11-119,2011,17.82841,13.75949097,105.5,476.23,0.222,0.707206744,1.467130639,8,0.416849116,13.75949097
LM-11-120,2011,0.798597585,33.21044922,96,505.27,0.190,0.431935997,0.655470163,3,0.399430316,33.21044922
LM-11-124,2011,2.639472106,3.208648682,104.5,494.01,0.212,0.697516083,1.45040162,11,0.388504749,3.208648682
LM-11-126,2011,3.706357478,28.17922974,102,500.78,0.204,0.609570447,1.139405125,8,0.436359028,28.17922974
LM-11-128,2011,20.07318747,-10.21292114,100.5,455.46,0.221,0.717965501,1.389742783,8,0.331146459,-10.21292114
LM-11-130,2011,0,12.72906494,100,509,0.196,0,0,1,0.862200178,12.72906494
LM-11-131,2011,0.405290102,7.057830811,102,505.07,0.202,0.019758641,0.062519587,3,0.764729626,7.057830811
LM-11-134,2011,19.76970994,4.641387939,111.5,447.15,0.249,0.577335693,1.146075743,6,0.45621539,4.641387939
LM-11-135,2011,20.42475728,36.17468262,103.5,552.18,0.187,0.421895531,0.771093839,4,0.605095931,36.17468262
LM-11-137,2011,1.604939566,27.03616333,109,529.95,0.206,0.612430565,1.141169666,6,0.617387294,27.03616333
LM-11-138,2011,5.979058929,5.184997559,106,510.49,0.208,0.502750833,0.863206633,5,0.686179748,5.184997559
LM-11-143,2011,3.703703704,2.003448486,101.8,477.55,0.213,0.474479298,0.985528207,5,0.387803832,2.003448486
LM-11-145,2011,14.07274896,8.703430176,103.8,530.03,0.196,0.571847015,0.952720256,3,0.300216747,8.703430176
LM-11-147,2011,12.46831432,-1.452575684,103,513.47,0.201,0.218274514,0.376153127,2,0.470047153,-1.452575684
LM-11-148,2011,9.877384196,-19.31835938,99.5,501.12,0.199,0.17803514,0.322380446,2,0.484768379,-19.31835938
LM-11-152,2011,18.15700301,-1.072845459,107.5,455.19,0.236,0.720659692,1.578325352,11,0.32569416,-1.072845459
LM-11-155,2011,0.575794486,-3.288543701,103.5,495.9,0.209,0.548425329,1.00307263,6,0.449399572,-3.288543701
LM-11-156,2011,0.222920255,-4.898986816,106,538.16,0.197,0.072489936,0.189262389,5,0.707461757,-4.898986816
LM-11-157,2011,24.24437299,25.87127686,107.5,482.99,0.223,0.41049038,0.735543828,6,0.607347113,25.87127686
LM-11-161,2011,14.22488203,25.70077515,107.7,464.53,0.232,0.764027165,1.703415092,11,0.307333618,25.70077515
LM-11-162,2011,48.26625684,-1.858703613,100.3,486.28,0.206,0.66058951,1.277221659,6,0.424320608,-1.858703613
LM-11-163,2011,22.34389562,2.439086914,109.5,518.25,0.211,0.678324462,1.274583462,6,0.571119626,2.439086914
LM-11-169,2011,0,-2.292327881,100,454.87,0.220,0.49776765,0.690913167,2,0.39893266,-2.292327881
LM-11-171,2011,9.172301528,-6.112457275,97.5,479.94,0.203,0.524122566,0.994645974,8,0.424526962,-6.112457275
LM-11-172,2011,13.74618162,-16.96734619,101,428.94,0.235,0.189530339,0.406394031,4,0.627483327,-16.96734619
LM-11-175,2011,60.53889613,13.30151367,90.8,482.55,0.188,0.538021279,0.897768822,3,0.446546922,13.30151367
LM-11-177,2011,2.285714286,-12.41345215,105.2,512.88,0.205,0.726465306,1.399159989,5,0.395662789,-12.41345215
LM-11-181,2011,63.10434861,7.03137207,105.5,499.95,0.211,0.492762459,0.799658617,4,0.588061695,7.03137207
LM-11-189,2011,6.75868634,6.47076416,105.6,481.94,0.219,0.672395027,1.42384135,7,0.425367217,6.47076416
LM-11-190,2011,8.234845597,11.53509521,105.5,484.18,0.218,0.15452501,0.341547578,3,0.687348431,11.53509521
LM-11-191,2011,2.56332011,-18.10455322,103,467,0.221,0.355067159,0.673845247,5,0.544876421,-18.10455322
LM-11-200,2011,4.346993489,7.645202637,104.5,498.46,0.210,0.579809577,1.126481871,9,0.614609922,7.645202637
LM-11-201,2011,0,-0.450958252,100,455.75,0.219,0.435793009,0.627490143,2,0.594422014,-0.450958252
LM-11-202,2011,24.95126706,40.61941528,104,511.7,0.203,0.612541751,1.074280506,4,0.277971774,40.61941528
LM-11-203,2011,0,61.82400513,102,570.09,0.179,0,0,1,0.773560105,61.82400513
LM-11-204,2011,80.07968127,20.14498901,113.5,495.15,0.229,0.342946937,0.700163657,4,0.537985241,20.14498901
LM-11-205,2011,38.8245614,-1.97052002,99,413.71,0.239,0.70136405,1.37232972,8,0.435746888,-1.97052002
LM-11-206,2011,4.244070783,6.43069458,97,466.36,0.208,0.679244093,1.393854729,7,0.4142678,6.43069458
LM-11-209,2011,1.611820848,8.6015625,103,532.03,0.194,0.108292694,0.27639402,5,0.691016626,8.6015625
LM-11-210,2011,3.920642419,-6.903503418,102.5,511.61,0.200,0.14927324,0.357954909,5,0.675140883,-6.903503418
LM-11-213,2011,1.495349111,9.747650146,111.5,481.88,0.231,0.029459768,0.077687815,2,0.727798387,9.747650146
LM-11-221,2011,27.96902696,-53.05673218,105.5,431.25,0.245,0.746575831,1.545267444,8,0.411751691,-53.05673218
LM-11-256,2011,75.7002457,79.85345459,109,509.71,0.214,0.389541621,0.688884284,3,0.491220638,79.85345459
LM-11-257,2011,17.33722871,1.634643555,107,515.28,0.208,0.785601064,1.65507203,8,0.304622593,1.634643555
LM-11-259,2011,24.87394958,4.614746094,105,500.51,0.210,0.409558019,0.669415172,3,0.612169101,4.614746094
LM-11-260,2011,0.149700599,15.65118408,96,528.41,0.182,0.582221191,1.01495905,6,0.444755188,15.65118408
LM-11-261,2011,2.304997234,-24.8972168,95,473.04,0.201,0.567073215,0.957732982,5,0.411643652,-24.8972168
LM-11-263,2011,0.315256397,-0.125305176,106,537.04,0.197,0.557409945,1.011878303,4,0.559475732,-0.125305176
LM-12-002,2012,86.98087134,-6.981964111,99,455.67,0.217,0.527658394,0.998314039,8,0.560671353,-6.981964111
LM-12-003,2012,11.09250733,-18.57662964,99,451.98,0.219,0.683756179,1.269606201,4,0.499388858,-18.57662964
LM-12-004,2012,39.89966555,-28.57397461,106,445.68,0.238,0.728800573,1.399688478,5,0.57557422,-28.57397461
LM-12-008,2012,21.44643828,0.705078125,108,473.2,0.228,0.339634829,0.53925268,5,0.43689185,0.705078125
LM-12-010,2012,20.40038132,-20.93365479,108,451.17,0.239,0.347128002,0.577547633,3,0.694108585,-20.93365479
LM-12-018,2012,48.0127186,-22.5848999,109,469.66,0.232,0.573153018,0.95118764,4,0.310020115,-22.5848999
LM-12-019,2012,45.67833698,6.982208252,106,483.55,0.219,0.680274235,1.303274622,6,0.302728011,6.982208252
LM-12-020,2012,17.52671062,-14.31832886,104,469.9,0.221,0.692543299,1.445232985,7,0.438696386,-14.31832886
LM-12-021,2012,24.42350253,-28.33084106,105,427.93,0.245,0.682830438,1.44040302,9,0.476783312,-28.33084106
LM-12-022,2012,28.97778932,-6.505950928,115,469.16,0.245,0.768732032,1.655725769,10,0.47197286,-6.505950928
LM-12-023,2012,60.19968232,-32.96115112,106,489.04,0.217,0.554388395,1.066185669,8,0.437746689,-32.96115112
LM-12-025,2012,14.26083393,-27.69049072,102,466.7,0.219,0.301563454,0.621638358,6,0.563514405,-27.69049072
LM-12-028,2012,39.1656202,21.55511475,108,544.1,0.198,0.80979716,1.850842683,12,0.321472274,21.55511475
LM-12-029,2012,2.401529001,-39.62463379,101,481.76,0.210,0.498885381,0.980403908,7,0.388282642,-39.62463379
LM-12-030,2012,27.15188315,-20.58068848,100,518.39,0.193,0.71939118,1.606845759,11,0.283868416,-20.58068848
LM-12-032,2012,100,24.15777588,107,497.87,0.215,0.189686834,0.338284642,2,0.659755371,24.15777588
LM-12-035,2012,100,15.20526123,112,564.62,0.198,0,0,1,0.664442959,15.20526123
LM-12-036,2012,83.17279796,12.65332031,107,524.84,0.204,0.306099595,0.623523255,6,0.548500918,12.65332031
LM-12-040,2012,1.164493411,26.06378174,105,529.91,0.198,0.016623169,0.054276588,4,0.596450258,26.06378174
LM-12-042,2012,43.27481431,34.04711914,103,553.9,0.186,0.740780734,1.45933666,6,0.257252761,34.04711914
LM-12-045,2012,1.118375253,12.71707153,108,479.59,0.225,0.586792676,1.241396689,8,0.580313938,12.71707153
LM-12-048,2012,22.10288298,55.63851929,105,560.67,0.187,0.810088002,1.763904538,9,0.316769671,55.63851929
LM-12-050,2012,1.344097384,0.252868652,108,474.16,0.228,0.48086055,1.004866104,7,0.597794852,0.252868652
LM-12-051,2012,32.87685116,-7.638763428,103,500.4,0.206,0.803626934,1.787994129,10,0.31491722,-7.638763428
LM-12-053,2012,42.19246838,-35.6937561,110,415.31,0.265,0.706941197,1.390408503,7,0.372808223,-35.6937561
LM-12-054,2012,37.27517904,29.48291016,100,535.9,0.187,0.72064654,1.505870253,10,0.289072762,29.48291016
LM-12-055,2012,36.38552145,-22.69085693,116,458.31,0.253,0.727299056,1.497315523,8,0.217436246,-22.69085693
LM-12-056,2012,9.875717017,-11.43322754,106,502,0.211,0.433760771,0.855026266,6,0.605826564,-11.43322754
LM-12-057,2012,16.92897333,-1.619689941,106,529.76,0.200,0.769514881,1.688923955,7,0.24963386,-1.619689941
LM-12-059,2012,1.752988048,22.26513672,104,549.15,0.189,0.539225409,0.925170981,4,0.503154742,22.26513672
LM-12-060,2012,0.213523132,-6.086242676,103,516.35,0.199,0.674948414,1.344119875,6,0.482198434,-6.086242676
LM-12-061,2012,4.983181424,17.70812988,106,550.71,0.192,0.683743175,1.325407832,8,0.407988145,17.70812988
LM-12-062,2012,12.35664567,38.42434692,101,544.14,0.186,0.420286752,0.835863923,7,0.628009432,38.42434692
LM-12-064,2012,22.62732919,36.01519775,102,521.27,0.196,0.797023479,1.649907114,7,0.326628988,36.01519775
LM-12-066,2012,7.285488503,44.33129883,108,493.62,0.219,0.720542409,1.458473988,10,0.333861505,44.33129883
LM-12-067,2012,0.453124003,54.80773926,110,602.3,0.183,0.580381238,1.050536461,8,0.382776773,54.80773926
LM-12-069,2012,0,-9.189788818,101,453.67,0.223,0,0,1,0.597861504,-9.189788818
LM-12-070,2012,52.29156509,21.55834961,106,461.95,0.229,0.509463813,0.751183222,5,0.381672042,21.55834961
LM-12-071,2012,1.42497024,4.494506836,108,530.84,0.203,0.396816462,0.612806666,5,0.642295224,4.494506836
LM-12-072,2012,86.36114661,34.34606934,111,570.55,0.195,0.274097043,0.605011476,6,0.537877561,34.34606934
LM-12-079,2012,29.25942013,21.29949951,112,516.49,0.217,0.480371822,0.786536606,3,0.586566254,21.29949951
LM-12-082,2012,1.016223926,5.638702393,106,497.28,0.213,0.76155661,1.516997404,6,0.55954107,5.638702393
LM-12-083,2012,4.785761932,-18.12503052,105,459.36,0.229,0.350574183,0.678307102,7,0.741236891,-18.12503052
LM-12-086,2012,1.73825247,-15.04058838,105,519.57,0.202,0.397033159,0.815361248,7,0.706241401,-15.04058838
LM-12-088,2012,14.81978033,-0.03125,103,481.27,0.214,0.599780341,1.299856693,10,0.522673632,-0.03125
LM-12-089,2012,0,1.700622559,101,486.46,0.208,0.257297877,0.425552284,2,0.659733449,1.700622559
LM-12-090,2012,10.61125681,33.70889282,109,544.68,0.200,0.603561295,1.103262746,6,0.344407001,33.70889282
LM-12-105,2012,22.53748186,12.35092163,106,484.68,0.219,0.68342301,1.381848383,7,0.424275545,12.35092163
LM-12-106,2012,6.169980932,13.8838501,108,537.96,0.201,0.643435986,1.28311228,9,0.397183004,13.8838501
LM-12-131,2012,4.194117101,-52.84130859,105,407.3,0.258,0.782019455,1.603347657,7,0.384342174,-52.84130859
LM-12-132,2012,40.35273836,-0.27947998,115,516.04,0.223,0.718770751,1.487476919,7,0.59919062,-0.27947998
LM-12-134,2012,12.16216216,-19.06906128,107,479.35,0.223,0.450151799,0.895638921,5,0.54612937,-19.06906128
LM-12-141,2012,15.97633136,-2.117553711,103,518.29,0.199,0.308515064,0.487058832,2,0.747085804,-2.117553711
LM-12-144,2012,21.81030332,13.24084473,98,474.85,0.206,0.396275993,0.585501317,2,0.736405181,13.24084473
LM-12-146,2012,46.58008658,11.51062012,109,520.63,0.209,0.505864583,0.731483974,3,0.604072103,11.51062012
LM-12-162,2012,55.4948391,46.70077515,111,549.54,0.202,0.526459049,0.921164177,5,0.512824202,46.70077515
LM-12-170,2012,10.54172767,-20.9085083,110,440.36,0.250,0.442913981,0.727267964,3,0.740579066,-20.9085083
LM-12-171,2012,67.02763447,-16.64129639,109,529.83,0.206,0.69000592,1.312525239,5,0.312341677,-16.64129639
LM-12-172,2012,1.767955801,24.92816162,108.5,556.94,0.195,0.074799508,0.220868408,6,0.690507153,24.92816162
LM-12-173,2012,74.88284911,-5.467193604,105,511.59,0.205,0.376168764,0.563618523,2,0.462196597,-5.467193604
LM-12-176,2012,0,22.28399658,103,529.24,0.195,0.456954355,0.649461587,2,0.725874649,22.28399658
LM-12-192,2012,2.841970695,3.225891113,109,548.57,0.199,0.656224701,1.158603559,6,0.375253007,3.225891113
LM-12-193,2012,21.32699428,30.1836853,108,499.43,0.216,0.763310085,1.554452019,8,0.452903036,30.1836853
LM-12-196,2012,18.40456198,17.04129028,101,492.21,0.205,0.774143159,1.609820366,8,0.240551373,17.04129028
LM-12-197,2012,3.891225962,33.7355957,110,519.11,0.212,0.686474377,1.491710755,9,0.369899499,33.7355957
LM-12-198,2012,1.340522359,17.77130127,113,541.56,0.209,0.5991166,1.138530516,7,0.465794144,17.77130127
LM-12-199,2012,21.15157183,21.86071777,106,493.77,0.215,0.831346283,1.866993231,10,0.264409537,21.86071777
LM-12-200,2012,17.08015267,-1.313903809,110,486.54,0.226,0.750320198,1.539872444,8,0.357922453,-1.313903809
LM-12-217,2012,1.844317874,30.04977417,103,534.78,0.193,0.032575769,0.088882424,4,0.595366033,30.04977417
LM-12-221,2012,33.09597523,-22.95471191,114,474.64,0.240,0.621677961,1.089103384,5,0.239075293,-22.95471191
LM-12-222,2012,67.90336497,28.82424927,107,503.6,0.212,0.482506639,0.88360191,4,0.442153274,28.82424927
LM-12-374,2012,13.68448741,16.34835815,105,525.62,0.200,0.58731554,1.00065921,4,0.427310851,16.34835815
LM-12-375,2012,14.17648933,13.52111816,93,549.8,0.169,0.328514214,0.606747941,3,0.558534645,13.52111816
LM-12-397,2012,2.809243317,16.28045654,105,496.11,0.212,0.482571429,0.950342641,5,0.572522303,16.28045654
LM-12-398,2012,2.872628726,14.14654541,111,527.52,0.210,0.059952223,0.17037523,4,0.58867484,14.14654541
LM-12-401,2012,73.55273592,18.42489624,107,514.8,0.208,0.437860389,0.939911259,6,0.54624113,18.42489624
LM-12-403,2012,79.70890411,21.97494507,99,494.41,0.200,0.323476203,0.504411485,2,0.533128923,21.97494507
LM-13-001,2013,47.39907612,5.498504639,111.5,471.05,0.237,0.25755395,0.542728232,5,0.682456712,5.498504639
LM-13-006,2013,39.71518987,17.33596802,112,475.42,0.236,0.814560517,1.780567958,8,0.723210269,17.33596802
LM-13-007,2013,10.73616985,30.02334595,101.5,506.2,0.201,0.668877962,1.33739687,5,0.280058648,30.02334595
LM-13-009,2013,0,61.0737915,98,563.57,0.174,0.072275041,0.160069493,2,0.587114058,61.0737915
LM-13-011,2013,0,-25.97689819,103,465.95,0.221,0.132747426,0.301901266,4,0.57694183,-25.97689819
LM-13-017,2013,32.16767666,32.52844238,98.5,533.06,0.185,0.567122008,0.985056132,7,0.528819699,32.52844238
LM-13-018,2013,57.30820996,-0.131286621,100,519.39,0.193,0.513918873,0.807432739,4,0.571298295,-0.131286621
LM-13-022,2013,44.11581083,-0.018066406,96,509.51,0.188,0.701726475,1.393369739,7,0.334368043,-0.018066406
LM-13-024,2013,0.336269774,-4.010009766,114.5,514.19,0.223,0.336778113,0.619658978,3,0.506094926,-4.010009766
LM-13-025,2013,2.222614997,26.74664307,103.5,570.42,0.181,0.652265905,1.206620487,4,0.300289829,26.74664307
LM-13-027,2013,40.41643428,22.51062012,115.5,583.32,0.198,0.462142623,1.02381609,7,0.699572119,22.51062012
LM-13-028,2013,53.40977479,-0.224182129,107,517.81,0.207,0.602202893,1.09451884,9,0.611768958,-0.224182129
LM-13-029,2013,12.39952248,-16.62710571,101.5,476.61,0.213,0.468904799,0.820588638,3,0.455423355,-16.62710571
LM-13-030,2013,0.872564935,23.37179565,105.5,527.91,0.200,0.485346621,0.993337679,8,0.508746276,23.37179565
LM-13-036,2013,38.04396022,-31.06173706,101,496.17,0.204,0.736522107,1.568175753,10,0.383389365,-31.06173706
LM-13-037,2013,86.22676848,41.01196289,104.5,510.8,0.205,0.621534198,1.16391306,7,0.612539155,41.01196289
LM-13-039,2013,26.9778481,-1.453430176,114,437.78,0.260,0.743545428,1.486788219,8,0.44713286,-1.453430176
LM-13-051,2013,18.32686198,8.56048584,104,483.63,0.215,0.760057947,1.669745531,11,0.336280912,8.56048584
LM-13-054,2013,74.76415094,-0.762145996,97,498.68,0.195,0.692052579,1.310827894,8,0.575504503,-0.762145996
LM-13-055,2013,0.797571573,15.17675781,104,535.75,0.194,0.334988287,0.729119243,7,0.573678046,15.17675781
LM-13-057,2013,0.530312161,-2.212097168,108,471.77,0.229,0.145854467,0.355767272,5,0.627248566,-2.212097168
LM-13-063,2013,1.656222023,21.31243896,106,485.12,0.219,0.561223189,0.948908926,4,0.364145869,21.31243896
LM-13-064,2013,77.80290792,10.79043579,105,504.52,0.208,0.475439162,0.877105921,7,0.398630053,10.79043579
LM-13-069,2013,29.30984695,-1.853363037,105.5,487.43,0.216,0.67953913,1.213748219,4,0.450678326,-1.853363037
LM-13-070,2013,6.199977455,34.35540771,103,567.45,0.182,0.685079659,1.530399474,10,0.543757998,34.35540771
LM-13-075,2013,39.30199845,89.03625488,117,548.45,0.213,0.725997899,1.474668658,11,0.303198599,89.03625488
LM-13-077,2013,15.00851936,37.74874878,99,509.97,0.194,0.592192182,1.190621133,7,0.415773193,37.74874878
LM-13-084,2013,2.885896108,-0.140075684,98,478.26,0.205,0.748013215,1.591046746,12,0.413336396,-0.140075684
LM-13-086,2013,23.35583896,-23.74737549,111,444.1,0.250,0.708076213,1.682649013,15,0.511263974,-23.74737549
LM-13-091,2013,28.06506061,12.89697266,99,536.1,0.185,0.531379057,0.956080135,5,0.41190016,12.89697266
LM-13-092,2013,12.85226302,-3.043121338,104.5,478.32,0.218,0.231870944,0.414090357,3,0.685666708,-3.043121338
LM-13-098,2013,29.42857143,-8.202087402,100,501.43,0.199,0.457991837,0.772320333,5,0.47686768,-8.202087402
LM-13-099,2013,9.446693657,31.36682129,111,545.81,0.203,0.550890886,0.894747983,4,0.356458049,31.36682129
LM-13-100,2013,0.111720496,39.55273438,106,519.23,0.204,0,0,1,0.61585058,39.55273438
LM-13-108,2013,32.01261733,16.03900146,107.5,467.27,0.230,0.472659414,0.767925284,5,0.607340963,16.03900146
LM-13-110,2013,24.36849926,31.00698853,99,521.19,0.190,0.698819516,1.339946025,7,0.496271797,31.00698853
LM-13-111,2013,36.9992345,17.14520264,110.5,534.85,0.207,0.734286239,1.511944595,7,0.490547503,17.14520264
LM-13-113,2013,26.48108076,-18.22579956,99,476.18,0.208,0.764299991,1.570542579,7,0.285848499,-18.22579956
LM-13-115,2013,57.5970592,-0.644622803,98.5,511.12,0.193,0.628151173,1.269028018,5,0.374440573,-0.644622803
LM-13-121,2013,32.77777778,-17.15438843,102,497.83,0.205,0.440679012,0.632593711,2,0.625728737,-17.15438843
LM-13-122,2013,0,-21.65490723,98.5,443.22,0.222,0,0,1,0.61585058,-21.65490723
LM-13-123,2013,27.01018923,-27.53027344,110,442.41,0.249,0.761461482,1.633402199,10,0.397856123,-27.53027344
LM-13-132,2013,53.20340419,-5.854827881,99,505.28,0.196,0.610699617,1.089373485,7,0.534977985,-5.854827881
LM-13-134,2013,66.71031954,-21.45318604,99,465.11,0.213,0.502524503,0.936467876,4,0.608153023,-21.45318604
LM-13-135,2013,10.2047765,28.15948486,97,554.79,0.175,0.648469551,1.275658507,10,0.382710708,28.15948486
LM-13-136,2013,2.066810863,16.53253174,100.5,452.1,0.222,0.74329333,1.593381883,8,0.588222996,16.53253174
LM-13-138,2013,16.30887275,16.27780151,111,522.12,0.213,0.648354643,1.286768929,7,0.315115873,16.27780151
LM-13-139,2013,14.28835376,7.141479492,117,528.78,0.221,0.768273175,1.633161548,8,0.288137584,7.141479492
LM-13-142,2013,6.262904336,-27.64065552,106,484.08,0.219,0.476225843,0.895518565,7,0.507378582,-27.64065552
LM-13-145,2013,0,20.04541016,99,538.17,0.184,0,0,1,0.744132565,20.04541016
LM-13-146,2013,1.007896257,-2.778259277,102,451.98,0.226,0.577250813,1.060388325,6,0.388367819,-2.778259277
LM-13-147,2013,0.348197237,-20.13464355,98.5,483.86,0.204,0.162090228,0.300122174,2,0.561010024,-20.13464355
LM-13-148,2013,0.435656836,-0.158813477,103,532.62,0.193,0.288735478,0.463709118,2,0.484473447,-0.158813477
LM-13-151,2013,0.403828292,-6.02545166,98,523.58,0.187,0.05043068,0.120134644,2,0.592227318,-6.02545166
LM-13-152,2013,0.315734082,25.04013062,112.5,533.68,0.211,0.455194716,0.841710707,5,0.414651942,25.04013062
LM-13-154,2013,0,-10.51141357,100,427.52,0.234,0,0,1,0.61585058,-10.51141357
LM-13-155,2013,0,24.4041748,110.5,543.55,0.203,0.02515315,0.068238242,2,0.743291035,24.4041748
LM-13-157,2013,47.38782051,36.63745117,99.5,566.74,0.176,0.629280541,1.092572304,4,0.500206778,36.63745117
LM-13-158,2013,87.99323563,9.946594238,96,527.89,0.182,0.218217164,0.447820738,3,0.635736442,9.946594238
LM-13-160,2013,39.89588999,-3.959442139,111.5,471.09,0.237,0.482001491,0.68610918,3,0.599021675,-3.959442139
LM-13-161,2013,56.94902824,30.09484863,104,558.14,0.186,0.553545881,0.909234102,3,0.523306328,30.09484863
LM-13-162,2013,37.59505443,63.40426636,108.5,568,0.191,0.662063962,1.226993342,9,0.431538005,63.40426636
LM-13-163,2013,7.840764331,4.756408691,109,486.06,0.224,0.508315826,1.145888794,10,0.429373188,4.756408691
LM-13-164,2013,25.46861817,20.22369385,98,553,0.177,0.617725264,1.234044503,8,0.35982514,20.22369385
LM-13-165,2013,5.227963526,-5.145568848,107.5,529.81,0.203,0.691660605,1.333735433,7,0.316029082,-5.145568848
LM-13-166,2013,23.72706176,34.26837158,103.5,555.52,0.186,0.690690462,1.352327089,9,0.322449524,34.26837158
LM-13-167,2013,7.195275195,45.04138184,101.5,557.5,0.182,0.795568714,1.704342839,8,0.332986526,45.04138184
LM-13-168,2013,2.75216385,63.53189087,106,497.55,0.213,0.167012211,0.411819277,5,0.708689606,63.53189087
LM-13-174,2013,3.863179074,24.72866821,105,521.57,0.201,0.344577102,0.631946567,5,0.450815281,24.72866821
LM-13-175,2013,21.68387609,-13.49493408,103,492.65,0.209,0.757702565,1.733707349,10,0.320786205,-13.49493408
LM-13-178,2013,11.97523639,21.03875732,108.5,553.17,0.196,0.487845756,0.894862228,6,0.427525711,21.03875732
LM-13-183,2013,6.394924485,27.25271606,101.5,482.36,0.210,0.163012254,0.373327733,4,0.567465254,27.25271606
LM-13-185,2013,0.688616312,16.6652832,101.5,586.04,0.173,0.010275898,0.032347768,2,0.610865855,16.6652832
LM-13-190,2013,78.29099307,-31.98425293,98.5,471.71,0.209,0.753816554,1.568011922,6,0.757238964,-31.98425293
LM-13-191,2013,61.769892,-18.05685425,100,463.98,0.216,0.500339749,0.82118209,7,0.768164421,-18.05685425
LM-13-192,2013,0.593420019,-8.216644287,100.5,498.26,0.202,0.426182379,0.757233213,5,0.425139179,-8.216644287
LM-13-193,2013,55.54834523,-5.210540771,98.5,435.93,0.226,0.612555943,1.154079668,6,0.363324116,-5.210540771
LM-13-201,2013,2.586466165,36.45199585,113,493.06,0.229,0.483336356,0.716688919,3,0.400960749,36.45199585
LM-13-231,2013,0.501514005,20.36138916,110.5,528.19,0.209,0.163480346,0.342783433,3,0.540222611,20.36138916
LM-13-232,2013,0,37.30743408,110.5,507.02,0.218,0.014475421,0.04314355,2,0.608961783,37.30743408
LM-13-233,2013,66.44346662,12.38156128,103,491.61,0.210,0.486381198,0.834436263,4,0.571710798,12.38156128
LM-13-234,2013,62.67764858,-40.80459595,105.5,440.74,0.239,0.56518056,1.145572862,9,0.473452641,-40.80459595
LM-13-242,2013,27.98305252,-41.38299561,104,447.39,0.232,0.810437028,1.833552033,12,0.520084123,-41.38299561
LM-13-244,2013,0,40.09088135,105.5,554.26,0.190,0,0,1,0.61585058,40.09088135
LM-14-011,2014,1.788908766,-19.20635986,100.5,507.38,0.198,0.034275284,0.087908897,2,0.484098071,-19.20635986
LM-14-013,2014,10.91330326,-9.575836182,104,498.45,0.209,0.262333424,0.669461869,11,0.477553766,-9.575836182
LM-14-022,2014,56.28035175,16.45452881,119.5,531.83,0.225,0.672657845,1.25472079,7,0.603590839,16.45452881
LM-14-024,2014,6.546524458,-18.75918579,109.5,482.02,0.227,0.122359093,0.241747741,2,0.644835035,-18.75918579
LM-14-030,2014,0.075714556,-6.583099365,97.5,443.89,0.220,0.335476394,0.598918993,5,0.573528958,-6.583099365
LM-14-032,2014,5.986930617,19.27206421,106,523.93,0.202,0.222528314,0.456823273,3,0.683596339,19.27206421
LM-14-033,2014,0.194077056,-48.40206909,96,474.41,0.202,0.085608729,0.198070791,4,0.693839606,-48.40206909
LM-14-034,2014,3.893325727,17.8984375,97.5,515.25,0.189,0.630985329,1.132667559,4,0.380389167,17.8984375
LM-14-035,2014,4.44225074,6.260803223,95,477.71,0.199,0.652004101,1.346818917,8,0.493558966,6.260803223
LM-14-036,2014,14.62152526,-16.11975098,99.5,516.84,0.193,0.74991388,1.554915068,8,0.349315131,-16.11975098
LM-14-037,2014,2.209306954,-16.60092163,106.5,511.04,0.208,0.525823389,1.000104977,10,0.372180587,-16.60092163
LM-14-043,2014,0,-22.20529175,97.5,395.76,0.246,0,0,1,0.648224622,-22.20529175
LM-14-045,2014,12.09712895,16.79721069,95,528.67,0.180,0.313100962,0.621179359,5,0.6298305,16.79721069
LM-14-046,2014,0,-6.853088379,104,501.02,0.208,0.009404474,0.030013301,2,0.725238167,-6.853088379
LM-14-051,2014,2.498569521,38.0501709,109.5,503.63,0.217,0.15201177,0.390054737,7,0.686709051,38.0501709
LM-14-056,2014,8.742305493,2.599578857,105.5,460.5,0.229,0.619302426,1.215413961,6,0.25626563,2.599578857
LM-14-058,2014,4.843379075,-4.653106689,102,466.22,0.219,0.019000122,0.057883604,3,0.478376187,-4.653106689
LM-14-065,2014,70.16574586,-63.2013855,106,415.89,0.255,0.418668539,0.609453393,2,0.630987661,-63.2013855
LM-14-068,2014,2.299952084,-30.82919312,95.5,441.44,0.216,0.452242175,0.644598458,2,0.381027168,-30.82919312
LM-14-074,2014,3.070481507,29.1350708,114,552.61,0.206,0,0,1,0.484213307,29.1350708
LM-14-075,2014,34.21212859,24.37036133,91,518.67,0.175,0.450148623,0.642432498,2,0.582744517,24.37036133
LM-14-076,2014,87.20890116,-25.02560425,94.5,449.92,0.210,0.236056455,0.552246965,7,0.698913537,-25.02560425
LM-14-077,2014,31.3164187,66.77566528,108.5,531.29,0.204,0.52794709,0.874648374,3,0.586363961,66.77566528
LM-14-081,2014,0,-6.287261963,105,510.35,0.206,0,0,1,0.648224622,-6.287261963
LM-14-083,2014,8.972618239,-7.463775635,99,488.46,0.203,0.567979688,0.930573315,4,0.270057827,-7.463775635
LM-14-092,2014,0,-9.804748535,101,488.99,0.207,0.004818356,0.016965068,2,0.647850745,-9.804748535
LM-14-100,2014,0,-16.93078613,102,516.48,0.197,0.1842164,0.336400923,3,0.55042777,-16.93078613
LM-14-101,2014,10.14003501,-22.45788574,117,512.86,0.228,0.423802281,0.755949208,3,0.489391722,-22.45788574
LM-14-102,2014,28.10416005,35.68551636,110,492.85,0.223,0.306675712,0.575450874,4,0.412357508,35.68551636
LM-14-104,2014,8.226157192,-23.36508179,103,442.92,0.233,0.574602598,1.229220478,9,0.356765339,-23.36508179
LM-14-105,2014,0.471355343,2.277770996,99.5,524.61,0.190,0.479800075,0.810442291,6,0.496732941,2.277770996
LM-14-109,2014,7.205073996,-5.899017334,100,462.58,0.216,0.405905121,1.023154426,13,0.43369392,-5.899017334
LM-14-110,2014,19.01941748,-3.464477539,96,512.3,0.187,0.396380601,0.831962195,9,0.477194263,-3.464477539
LM-14-112,2014,32.39334779,-28.1741333,102,444.08,0.230,0.752559355,1.501869087,6,0.537196773,-28.1741333
LM-14-113,2014,100,21.93652344,99,475.72,0.208,0,0,1,0.761519236,21.93652344
LM-14-114,2014,2.851101562,13.01623535,95,513.15,0.185,0.091366979,0.263056076,8,0.629535401,13.01623535
LM-14-116,2014,1.607334206,9.717437744,91,460.69,0.198,0.61938215,1.166116148,7,0.275309736,9.717437744
LM-14-120,2014,83.01698302,25.44384766,101.5,506.25,0.200,0.281975766,0.455616823,2,0.692802647,25.44384766
LM-14-122,2014,1.126961484,13.62258911,105.5,440.71,0.239,0.134654388,0.28166659,3,0.581756896,13.62258911
LM-14-124,2014,22.37687366,-57.85812378,104.5,461.71,0.226,0.589601034,0.990890743,3,0.398382851,-57.85812378
LM-14-125,2014,5.869267625,-6.957550049,107,492.5,0.217,0.487777059,0.938744491,6,0.487348982,-6.957550049
LM-14-127,2014,100,28.63519287,109.5,513.89,0.213,0.003542499,0.013012381,2,0.760416484,28.63519287
LM-14-130,2014,9.956334271,7.703796387,102,476.59,0.214,0.723037844,1.520620499,10,0.312645046,7.703796387
LM-14-131,2014,9.471413268,-1.174102783,105.5,418.04,0.252,0.772140211,1.740667219,10,0.411908938,-1.174102783
LM-14-140,2014,15.1017871,-27.51535034,94.5,487.92,0.194,0.343712788,0.760391485,11,0.448476777,-27.51535034
LM-14-142,2014,17.64254911,-7.876983643,103.5,498.84,0.207,0.783286313,1.71931736,7,0.49226042,-7.876983643
LM-14-148,2014,0.922111046,-13.60601807,100.5,498.07,0.202,0.753407208,1.463670645,7,0.616877992,-13.60601807
LM-14-149,2014,10.34946237,19.62088013,96,522.31,0.184,0.644933663,1.183437331,4,0.409637664,19.62088013
LM-14-151,2014,18.74038912,15.09683228,89,508.91,0.175,0.705629093,1.412834935,6,0.524147245,15.09683228
LM-14-152,2014,16.71395125,-8.599456787,100,464.03,0.216,0.56879974,1.144632457,8,0.509825466,-8.599456787
LM-14-154,2014,3.019418565,2.869232178,99.5,475.68,0.209,0.66426707,1.29599826,8,0.565240126,2.869232178
LM-14-160,2014,0.286892595,-26.17077637,103.5,437.08,0.237,0.475859428,0.754848107,4,0.356773305,-26.17077637
LM-14-161,2014,0,-47.96130371,101,404.83,0.249,0,0,1,0.648224622,-47.96130371
LM-14-162,2014,89.11161731,-11.7086792,94,480.58,0.196,0.202538073,0.374867074,4,0.732300272,-11.7086792
LM-14-163,2014,42.9249129,18.35174561,93.5,537.57,0.174,0.550846601,0.87396058,3,0.562886399,18.35174561
LM-14-164,2014,14.71103327,1.943847656,97,519.81,0.187,0.577804632,0.964882757,3,0.406400332,1.943847656
LM-14-180,2014,14.59734051,17.52160645,104,522.84,0.199,0.570999912,1.035819287,5,0.641228891,17.52160645
LM-14-181,2014,11.24415758,-0.931182861,101.5,509.09,0.199,0.356484956,0.779377897,6,0.694824303,-0.931182861
LM-14-183,2014,0.388241819,-26.25076294,94,460.22,0.204,0.104486474,0.248864953,3,0.627584588,-26.25076294
LM-14-184,2014,0.366894198,-51.59649658,90.5,413.5,0.219,0.006997695,0.023349483,2,0.646338617,-51.59649658
LM-14-185,2014,13.93730296,-22.21182251,105,434.71,0.242,0.700617374,1.345365693,7,0.275979477,-22.21182251
LM-14-186,2014,11.62968047,-13.97509766,104.5,451.89,0.231,0.206902472,0.402367798,4,0.424827927,-13.97509766
LM-14-188,2014,16.35578998,1.722595215,112.5,494.1,0.228,0.271129267,0.610421182,8,0.424072854,1.722595215
LM-14-196,2014,59.16167665,-11.74328613,93.5,508.2,0.184,0.489299405,0.706010561,3,0.476955728,-11.74328613
LM-14-197,2014,7.239819005,-1.744384766,99,441.67,0.224,0.188685735,0.485104463,6,0.451858069,-1.744384766
LM-14-202,2014,30.032543,-40.54379272,97.5,477.91,0.204,0.772474579,1.720619062,8,0.503978767,-40.54379272
LM-14-204,2014,16.22936684,-33.23995972,95.5,500.92,0.191,0.437859072,1.038343172,15,0.485066152,-33.23995972
LM-14-207,2014,3.588570911,-25.80627441,99,453.21,0.218,0.01736948,0.059212844,5,0.483620505,-25.80627441
LM-14-208,2014,0,39.15637207,102.5,502.33,0.204,0.438589825,0.659503869,4,0.591404267,39.15637207
LM-14-209,2014,4.626708728,40.21472168,105.5,548.36,0.192,0.106359074,0.282287831,5,0.636900381,40.21472168
LM-14-211,2014,9.090909091,0.686828613,99.5,461.71,0.216,0.65976806,1.415906801,9,0.398673801,0.686828613
LM-14-212,2014,0,-34.72680664,109,440.97,0.247,0.02874916,0.076150012,2,0.641645138,-34.72680664
LM-14-217,2014,1.149047932,-15.71398926,99,464.67,0.213,0.083646939,0.203467706,3,0.633844872,-15.71398926
LM-14-219,2014,0.62717451,17.79730225,101.5,496.8,0.204,0.091945144,0.239464338,9,0.478410149,17.79730225
LM-14-220,2014,0.94008782,16.12106323,101.5,499.8,0.203,0.181981648,0.413383056,7,0.424572281,16.12106323
LM-14-223,2014,1.513179304,7.57800293,103.5,551.87,0.188,0.702048663,1.310661085,6,0.505072159,7.57800293
LM-14-225,2014,0.502107056,-32.75238037,91.5,457.49,0.200,0.008748269,0.02822978,2,0.64820066,-32.75238037
LM-14-226,2014,0.310206552,5.461456299,86,460.37,0.187,0.498117453,0.69126345,2,0.623071513,5.461456299
LM-14-230,2014,15.96300985,3.090332031,103,475.3,0.217,0.4381593,0.879694591,9,0.486708742,3.090332031
LM-14-236,2014,4.101473492,6.830749512,102.5,505.04,0.203,0.208918288,0.496627533,9,0.479378915,6.830749512
LM-14-240,2014,99.02248289,-32.52523804,107,467.2,0.229,0.02324637,0.071275239,3,0.752802886,-32.52523804
LM-14-242,2014,36.31982205,16.12493896,103,496.12,0.208,0.512383266,0.979121457,9,0.495937883,16.12493896
LM-14-243,2014,16.39321175,21.54605103,103.5,519.26,0.199,0.568290121,1.274378377,13,0.359543776,21.54605103