"","Clostridia UCG-014 Relative Abundance","Shuttleworthia Relative Abundance","Actinomyces Relative Abundance","Colidextribacter Relative Abundance","Weight","Ceca:Weight","Shannon Diversity Index","Bird ID"
"0104-1118",0.393462564746508,0.092214722963428,0.0670616857636164,0.0798540260555643,539.5,8.16,3.37814572380305,"LM-09-046"
"0105-1119",0.0740369878410136,0.123796873403494,0.0898947583529171,0.213732502298968,491.26,8.14,3.31998942377674,"LM-09-090"
"0106-1080",0.301455301455301,0.0889434889434889,0.11956151956152,0.11007371007371,519.98,9.04,3.05897420424408,"LM-09-002"
"0262-1124",0.025122904811675,0.15228583594627,0.0623620949947741,0.258313010490458,508.52,7.28,2.88513779497379,"LM-10-099"
"0263-1085",0.655267266374247,0.0280276559363616,0.0719649096721433,0.0374693331350829,475.94,8.19,2.89289463007012,"LM-10-091"
"0264-1126",0.241336473511219,0.0847848029193302,0.0314449131706307,0.302388778177489,514.37,8.36,2.96878988382075,"LM-10-272"
"0370-1081",0.739424422090467,0.0107920858037439,0.137365931650123,0.0136233428818866,510.49,10.19,1.81031637829587,"LM-11-138"
"0372-1103",0.405154255978194,0.00582331805228596,0.336017841655309,0.0190806591500434,552.18,7.06,2.30449099581485,"LM-11-135"
"0508-1082",0.710763172698294,0.00421901368835552,0.217201075067192,0.0126570410650666,544.1,7.9,2.47783546528185,"LM-12-028"
"0614-1067",0.217514876987299,0.139532818189893,0.1445954347633,0.141620037303491,548.45,7.66,2.91618869488609,"LM-13-075"
"0615-1068",0.145691485467457,0.00529565365936989,0.544720208897674,0.0264782682968495,535.75,8.21,2.08740295184746,"LM-13-055"
"0616-1069",0.191998671978752,0.0812749003984064,0.0428618857901726,0.237217795484728,511.12,8.61,3.32053339880634,"LM-13-115"
"0745-1130",0.145606420440586,0.110637949389894,0.124477929735484,0.246621898288428,414.45,9.77,3.00478145613173,"LM-15-248"
"0746-1131",0.512914469568326,0.00464742157476093,0.274510680132273,0.0861113593708106,440.27,8.29,2.36283851392601,"LM-15-244"
"0749-1132",0.150532506755683,0.0399380066762041,0.257868383404864,0.104434907010014,472.83,9.41,2.85099053623776,"LM-15-251"
"0751-1133",0.0537493242721446,0.168236929492625,0.063595644451309,0.264113058923469,516.12,6.88,3.04680179797658,"LM-15-009"
"0917-1114",0.16895595934709,0.136556821681552,0.0419156144133046,0.214690483523252,523,7.93,3.17306303675257,"LM-17-209"
"0918-1135",0.413671893066926,0.0483326395633874,0.217843763008186,0.0490264095092734,501,6.59,2.91629683786019,"LM-17-212"
"0920-1136",0.167542650353266,0.124633810098225,0.0294675168016543,0.228890229191797,481.02,9.56,3.23422671881807,"LM-17-066"
"0921-1117",0.672598767669445,0.00743022834360275,0.190721275824574,0.0142805364262414,496.07,8.16,2.75803900630163,"LM-17-067"
"0945-1057",0.572957390514552,0.00912214192631205,0.185286103542234,0.0249970382656083,447.25,7.71,2.93268346083514,"LM-17-087"
"1000",0.310874920171517,0.0888605054283368,0.243408448134294,0.132834595383633,556.16,7.91,3.04311064491179,"LM-18-019"
"1001",0.304931351879467,0.107882963953309,0.0733275055278449,0.0847945698565331,500,9.4,3.23073368855645,"LM-18-062"
"1002",0.44501736293802,0.0451085622084254,0.0700480550001754,0.0954435441439545,507.84,8.66,2.95157405897545,"LM-18-021"
"1003",0.73765631737818,0.0041235446313066,0.155697498921949,0.014365028029323,476.94,9.12,2.62471054740048,"LM-18-013"
"100",0.143774960930717,0.117555131099149,0.0652891126931759,0.156913816056028,543.8,8.28,3.37085507252653,"LM-09-099"
"1010",0.498686284813452,0.0593142406726222,0.0229243300052549,0.076326852338413,503.3,9.84,3.6169369800427,"LM-18-026"
"101",0.380588532457691,0.00555695882798687,0.15868906289467,0.00435716089921697,512.47,9.17,2.69111203076501,"LM-09-175"
"102",0.57954109431356,0.019568720742844,0.169749059934004,0.0118179725270509,560.38,8.39,2.91336318453539,"LM-09-174"
"103",0.548953607493048,0.0287575003658715,0.163617737450607,0.00739060441972779,561.39,8.37,2.83148595468174,"LM-09-055"
"107",0.217005577759234,0.0860380341692652,0.0324564100311827,0.168430761122579,490.28,8.57,3.28534289895094,"LM-09-140"
"109",0.454856983005805,0.00580460172040003,0.352682005734667,0.0224491223162459,504.45,8.52,2.41355457360677,"LM-09-117"
"10",0.145103578154426,0.116854990583804,0.0413370998116761,0.119679849340866,522.8,6.89,3.36773202741518,"LM-08-055"
"110",0.0337935174069628,0.109423769507803,0.0480792316926771,0.345918367346939,486.23,7.82,3.06476670489651,"LM-09-032"
"111",0.586572282799859,0.00659514597256419,0.0884628913119944,0.00809004572634541,529.75,9.44,2.67694518942435,"LM-09-118"
"112",0.687256564175411,0.00119140356504605,0.184805022224259,0.00146634284928745,532.69,8.26,2.31918573208202,"LM-09-173"
"113",0.295968325599217,0.110902975861041,0.0739495082804717,0.215888288134872,516.82,7.93,3.26515413073137,"LM-09-044"
"116",0.259032095446144,0.0916652663417913,0.121744244664762,0.0942698706099815,495.09,9.29,3.23404434744415,"LM-09-172"
"117",0.0569694388244063,0.142583324459589,0.0462677031200085,0.35219891385369,512.6,8.78,2.85540497032373,"LM-09-058"
"118",0.281889763779528,0.152657480314961,0.0630905511811024,0.165354330708661,460.14,9.78,3.13387040881902,"LM-09-047"
"119",0.167913063799953,0.132157046038794,0.0658448235569058,0.142147698060294,552.38,7.97,3.33627122967603,"LM-09-056"
"120",0.257337588149549,0.0994366308159004,0.0806051294173266,0.125832249931056,532.19,8.08,3.22864389742137,"LM-09-069"
"123",0.316983726793491,0.0598212239284896,0.167698067079227,0.0692948277179311,504,8.33,3.00464949895449,"LM-10-291"
"124",0.380250253635441,0.0311802502536354,0.149881636794048,0.0604666892120392,496,7.66,3.21243362148238,"LM-10-218"
"125",0.516679762840203,0.0486463318808486,0.130009286377598,0.0255018215586828,540.74,8.69,2.70458902624383,"LM-09-089"
"126",0.515082711644502,0.055843875013515,0.0772515947670018,0.131743972321332,540.71,8.14,2.98526225361272,"LM-09-007"
"127",0.154229439005803,0.0575063016589484,0.0502374113371241,0.168767219649452,518.71,6.36,3.29962337875177,"LM-09-088"
"128",0.321308724832215,0.130740021193924,0.0655687036382904,0.140895443306252,581.84,7.39,3.00341269314519,"LM-09-026"
"129",0.0691997864803222,0.105692240500801,0.0355219100305721,0.23035861600427,509.35,7.46,3.20455644849056,"LM-09-036"
"12",0.168742562475208,0.191630305434351,0.0182070606902023,0.263546211820706,541.07,7.39,3.22394209580819,"LM-08-008"
"130",0.524589383480124,0.0551297310164247,0.0565103546774577,0.0556534158533682,499.91,9,2.91416283378054,"LM-09-093"
"131",0.475749748887932,0.00982924379394461,0.216243363466781,0.0142775147079925,449.77,9.78,3.18793220748882,"LM-09-156"
"132",0.414971577289227,0.0132182727210465,0.238956235874255,0.0382850489692487,476.58,8.39,3.14449262545919,"LM-09-116"
"133",0.600940291490362,0.00503055947343677,0.310061118946874,0.00376116596144805,462.95,8.86,2.06399579008873,"LM-09-115"
"134",0.0620658135283364,0.0777879341864717,0.0508226691042047,0.199908592321755,556.61,8.08,3.31721835617275,"LM-09-143"
"135",0.487369661009555,0.0769599930195018,0.0455477509707255,0.0707648008376598,482.85,8.49,2.89627308003116,"LM-09-139"
"136",0.386793146554894,0.132546510772851,0.0422825207735863,0.130818442532539,485.8,9.47,3.04666189496182,"LM-09-138"
"137",0.173271224248786,0.072234614879937,0.0447447841490618,0.279753313213489,480.24,9.58,3.062274210713,"LM-09-087"
"139",0.242936300773916,0.17877913632825,0.0957091175527774,0.154142052479736,444.17,10.13,3.47341806266375,"LM-09-154"
"13",0.106839804577012,0.13750321419388,0.0843404474157881,0.207251221393674,535,8.6,3.32150913564766,"LM-08-059"
"1442",0.445687560181576,0.0386079141638773,0.112109679490119,0.0751066073639323,504.14,8.33,3.16131609802391,"LM-18-025"
"1443",0.733699946272242,0.00499352106444171,0.114029265825985,0.0102714832021744,520.55,9.32,2.52129772974653,"LM-18-023"
"1444",0.296569143338245,0.0325194695853505,0.417491054514839,0.0646179751631236,504.47,7.83,2.71343209376384,"LM-18-032"
"1446",0.116223638530494,0.0678791647235608,0.0309342452976838,0.125861443598114,569.75,7.28,2.92115520806281,"LM-18-036"
"1447",0.65588552386553,0.0300891894540821,0.0447907478192688,0.0854650592962854,524,8.21,2.88744835502756,"LM-18-028"
"1448",0.728488043682922,0.0293102366158288,0.00156907048264608,0.0554195694470596,526.97,8.06,2.73442221062309,"LM-18-027"
"1449",0.327658032965043,0.0201050534323492,0.416289319567711,0.0157580148523818,505.64,7.71,2.5938973761246,"LM-18-030"
"1491",0.419110251450677,0.15504835589942,0.0423984526112186,0.102591876208897,546.32,7.96,3.03206813766508,"LM-18-098"
"1492",0.0424317062248097,0.143864755933721,0.0770264218540081,0.240483654276758,489.48,8.58,3.01734712161855,"LM-18-041"
"1493",0.371689228958211,0.0650382577987051,0.257308220521876,0.0856386109476162,494.59,8.59,2.87987971614179,"LM-18-007"
"1494",0.645900963569846,0.00247333436388932,0.321018189313134,0.00242180656464162,525.65,8.56,1.74059340114197,"LM-18-005"
"1495",0.539326696557489,0.0249259062238772,0.195075613648454,0.0415685082453074,555,8.65,2.39952851909917,"LM-18-099"
"1496",0.0557119699684327,0.244774336660694,0.0358331200409521,0.159798651992151,482.33,8.71,3.03483388380823,"LM-18-067"
"1497",0.0825216739805202,0.111420314674088,0.0694637696671305,0.204324092903778,471.96,7.84,3.21031333412139,"LM-18-066"
"1499",0.0579099179054804,0.268027512757932,0.0382737963168405,0.112380741069448,505.12,8.71,3.07687919181358,"LM-18-051"
"14",0.490446818113435,0.00255754475703325,0.0962088160072213,0.0104558447419889,472.34,8.89,2.66904144198975,"LM-08-064"
"1500",0.1368187945311,0.0952243404583093,0.0947429231658001,0.252840362025804,524.06,8.4,3.04914118435258,"LM-18-004"
"15",0.575276575276575,0.0522572665429808,0.0623239194667766,0.0931423074280217,454.07,9.69,3.20168443308777,"LM-08-084"
"16",0.428833979987748,0.00292696208563066,0.108569872711184,0.0441767068273092,513.24,8.57,2.99893947931385,"LM-08-036"
"171",0.0614489003880983,0.0849196082055073,0.0263352430234707,0.267695435224543,537.59,8.37,3.24583562967502,"LM-09-104"
"17",0.302842542318748,0.000830405621207282,0.390290641967423,0.00242733950814436,456.53,8.98,2.11332639639302,"LM-08-037"
"181",0.225310467179184,0.0609107037256061,0.0560812142716341,0.135028582692687,503.3,7.95,3.0360171749895,"LM-10-032"
"18",0.129218367185648,0.126768355330752,0.0365130799019995,0.156247530229985,476.38,8.82,3.15602288508342,"LM-08-054"
"193",0.291341692170994,0.069997038207128,0.0415638266363906,0.13851317997828,468,8.76,3.29421093396586,"LM-10-274"
"196",0.275997918679848,0.0999033672786739,0.0879357764067494,0.157957332936891,452,9.29,3.29516855128231,"LM-18-061"
"197",0.0397904044539054,0.1469352109601,0.0912068118552481,0.191365100158288,549.35,8.37,3.25461942824034,"LM-18-069"
"198",0.506379673804505,0.0680128702984578,0.0857650061022967,0.0613558193720182,493.25,8.72,3.48074019655837,"LM-10-058"
"19",0.0649250204099171,0.168607399132041,0.0411635801142955,0.18845872899927,550.44,7.27,3.14381637011024,"LM-08-019"
"1",0.433738450012486,0.00416215766253226,0.294098060434529,0.00370432031965371,527.19,9.29,2.3724534901678,"LM-08-028"
"204",0.0634444110877614,0.0995696987891524,0.00890623436405484,0.112378665065546,511.94,8.2,3.16510683128994,"LM-10-011"
"206",0.463985265568221,0.0562496888844641,0.0905470655582657,0.0323560157300015,489.68,7.35,3.10290715048176,"LM-10-306"
"208",0.904204268729408,0.00146827102134365,0.0513536742587022,0.00723392064174187,472.51,8.89,1.4747591313133,"LM-10-251"
"20",0.626141787966291,0.0229830868053509,0.0851552831634156,0.0183864694442807,460.65,9.77,2.92181708714911,"LM-08-087"
"211",0.1305610287255,0.0564139790521622,0.115731618790833,0.0879394379342528,539.37,7.42,3.15897838132175,"LM-10-307"
"213",0.512529704039749,0.0084251458198315,0.325772305033485,0.0182544826096349,509.21,8.84,3.12933736398464,"LM-10-326"
"217",0.477363303044795,0.0822572931611669,0.0321217918061534,0.0952494819065838,427.98,8.65,3.28466738632198,"LM-10-012"
"219",0.750577162138164,0.00745871070857752,0.079914757591902,0.0393358195702362,498.06,7.43,2.3101615266237,"LM-10-038"
"21",0.576183047321893,0.00579451749498551,0.140479904910482,0.0140405616224649,528.99,7.18,2.68092980818327,"LM-08-040"
"220",0.226075619295958,0.0902216427640156,0.0435462842242503,0.145328118209474,520.13,NA,3.34914375703403,"LM-10-069"
"221",0.806423208823802,0.00597831124293262,0.130874038372416,0.00630271572898322,503.2,7.75,2.14565608094138,"LM-10-137"
"223",0.130328757225434,0.0900469653179191,0.0617774566473988,0.160494942196532,469.42,8.31,3.22885909019427,"LM-10-061"
"224",0.226121452548062,0.0650747635032042,0.0729325602685383,0.288831248092768,496,6.85,3.34406921700056,"LM-10-124"
"225",0.431372549019608,0.0676132521974307,0.021974306964165,0.0388212756366915,517.95,5.79,3.32688467601237,"LM-10-204"
"226",0.0249484149315325,0.216469705496155,0.0136309635465516,0.278059150878509,424.26,NA,3.12375870912756,"LM-10-258"
"227",0.59992939930576,0.0386538800964876,0.0518326763546508,0.0663058186738836,435,8.74,2.91786728526462,"LM-10-215"
"228",0.713075657894737,0.00386513157894737,0.102055921052632,0.0267269736842105,461,8.46,2.46853101542211,"LM-10-071"
"22",0.445933678645806,0.0307577294814973,0.112938537939873,0.0558551823570246,516,8.14,2.95774967757503,"LM-08-053"
"230",0.532668137772234,0.0792478173270652,0.080207234001727,0.0490261920752183,486.14,7.82,3.23848132239197,"LM-10-054"
"232",0.709201453251279,0.0225402239193297,0.0470823756209683,0.0162378586787277,451.13,10.2,3.01837036270266,"LM-10-031"
"233",0.259384384384384,0.131850600600601,0.0279654654654655,0.140484234234234,401.04,9.97,3.19708401481694,"LM-10-074"
"234",0.501502790897381,0.0400386431945041,0.0705238299699442,0.0447617003005582,469.85,7.45,3.27823202642323,"LM-10-289"
"235",0.608382092801742,0.00149680228602531,0.107565655191182,0.0140835487821472,530.69,6.6,2.39107909873979,"LM-10-293"
"236",0.539791528788881,0.0270516214427531,0.268034414295169,0.0157180675049636,481.04,6.65,3.04876234309322,"LM-10-222"
"237",0.667045047197993,0.0481539013024256,0.074501135141594,0.0274226311387263,504.21,8.33,3.01720408784634,"LM-10-223"
"238",0.263254476020433,0.106085403957744,0.0244011307841095,0.173982046322472,489.23,NA,3.26487602502336,"LM-10-191"
"239",0.60734174337993,0.0879077167859984,0.0238095238095238,0.0726787134901693,429.26,8.39,2.97301013017015,"LM-10-067"
"23",0.377800106389267,0.0310893078787162,0.05195342514333,0.0766002718836811,482.95,8.7,3.14009235764199,"LM-08-073"
"240",0.654770023490187,0.0422823368947488,0.0377358490566038,0.0715314086534819,547.12,7.31,3.33810506388892,"LM-10-068"
"242",0.13310156444003,0.145517755152719,0.11936098005132,0.156444002979886,503.08,7.75,3.31997441908767,"LM-10-136"
"243",0.130185417976116,0.141106222501571,0.0876807039597737,0.145113136392206,537.44,NA,3.3192920751526,"LM-10-131"
"244",0.423425292124732,0.0933416303671437,0.0607066307128535,0.0492982092235359,486.63,7.4,3.2185354367031,"LM-10-122"
"245",0.349026293357813,0.0874696741197298,0.0485869779030883,0.10051799881975,412,8.98,3.3517148204743,"LM-10-065"
"246",0.531075154997732,0.0608397600685518,0.01567619335652,0.0669388578053329,439.95,9.09,2.88975303525796,"LM-10-199"
"247",0.456530997140597,0.0368072032609357,0.0368072032609357,0.0687473383220782,500.55,7.79,3.1622077529699,"LM-10-270"
"248",0.17266081871345,0.0225146198830409,0.178362573099415,0.13406432748538,497.33,6.23,2.90662271512246,"LM-10-271"
"24",0.0654543470253605,0.2404130799558,0.0284026574628596,0.245201424225475,530,8.3,3.14109125508983,"LM-08-007"
"250",0.826201143210258,0.00463463618105979,0.0821103043411092,0.0136721767341264,463.08,9.93,2.1759096048348,"LM-10-257"
"253",0.736441165197394,0.0124089689536221,0.0657339977002683,0.0307110003832886,519.27,8.47,2.62880549162615,"LM-10-024"
"254",0.662592309651133,0.00286478227654698,0.163356251591546,0.00719378660555131,502,8.47,2.58059488247943,"LM-07-020"
"255",0.135299625468165,0.0827314071696094,0.055577849117175,0.242041198501873,414.78,8.92,3.29502089848579,"LM-07-094"
"256",0.358396358029224,0.0615316836772157,0.085909391291578,0.11931859901608,482.94,7.45,3.64314387336962,"LM-10-200"
"258",0.76596481507134,0.0197742069538717,0.0871311816041003,0.0181119268596759,540.42,7.77,2.34926137348248,"LM-10-093"
"259",0.569950302947784,0.00680781537204711,0.191367690108244,0.104636122268364,440,8.86,2.6469519970172,"LM-10-211"
"25",0.488623953403713,0.0761740080087368,0.133145249362941,0.0706224972697488,542.36,NA,3.21987701712493,"LM-08-074"
"266",0.49547127914451,0.0396190030970607,0.151405364342897,0.0879448372582247,525.95,6.46,3.33368525368359,"LM-10-139"
"267",0.459038375582658,0.0307770895855948,0.101462231019731,0.103441670391418,450.89,7.98,3.10506409686014,"LM-10-053"
"269",0.141166009003501,0.000222308675596065,0.0830322903351303,0.00389040182293114,488.22,7.58,1.22168511798327,"LM-07-070"
"26",0.211172238679645,0.114049936521371,0.0698264917477782,0.190964875158697,506.5,NA,3.14492113446876,"LM-08-117"
"272",0.475053187838858,0.0518152494681216,0.0358245830759728,0.0899046050374031,470.15,9.15,3.22507283671641,"LM-10-018"
"273",0.745676004872107,0.0131546894031669,0.0456354039788875,0.017214778725132,465.63,9.66,2.81502680641697,"LM-10-079"
"275",0.707286949361877,0.0122135309455194,0.119871003156306,0.0348565939344037,397.57,10.06,2.59987629359095,"LM-10-001"
"277",0.493492190628754,0.0385462555066079,0.139567480977173,0.0695835002002403,434.89,9.66,2.96812627399175,"LM-10-059"
"279",0.345487283367094,0.0937429664641008,0.0442268737339635,0.0868782354265136,543.76,7.91,3.38158057555516,"LM-10-055"
"280",0.439639037433155,0.0614973262032086,0.0451871657754011,0.0835561497326203,458.51,9.16,3.37628673505163,"LM-10-027"
"283",0.34146110056926,0.0258064516129032,0.259013282732448,0.0485768500948767,532,7.71,3.03592815726141,"LM-07-115"
"284",0.373837618191764,0.0132843635227006,0.191919981245604,0.0508712979604595,472.4,9.1,3.26989906402341,"LM-07-027"
"285",0.771648140524221,0.000960614793467819,0.107383010841224,0.00500891999451077,454.57,8.58,2.36146047733602,"LM-07-151"
"286",0.446300302899178,0.0582431847684985,0.0842925140631761,0.07797490263955,583.56,7.2,3.41549444200522,"LM-10-045"
"288",0.19119129207821,0.29086877645636,0.0120943358193913,0.180911106631727,473.76,9.6,2.83665013083527,"LM-07-158"
"289",0.382682409930366,0.00292663235442527,0.309012009284489,0.0152386719144212,516.38,7.55,2.36311403347902,"LM-07-060"
"28",0.0589761092150171,0.203481228668942,0.0414334470989761,0.179726962457338,549.66,NA,3.21434270847007,"LM-08-113"
"290",0.230964056690198,0.103788327854718,0.040631567602522,0.104057767958183,505.42,7.91,3.19658455098932,"LM-07-165"
"291",0.00383768480654294,0.126643598615917,0.0307014784523435,0.486127713117332,560,6.34,2.52832161364821,"LM-07-119"
"292",0.499927262147221,0.00683735816118708,0.291242362525458,0.0171661332557463,462.91,8.75,2.65208813053134,"LM-07-004"
"293",0.417217391304348,0.00626086956521739,0.107478260869565,0.0763478260869565,468.24,8.54,3.19597288049827,"LM-07-019"
"294",0.33030974591558,0.0105138380662784,0.392671236406741,0.0587538009586146,486.33,8.12,2.67728484101761,"LM-07-066"
"296",0.476004431745291,0.0032071840923669,0.209808152078838,0.00664761793690594,493.72,8.71,2.90035335830715,"LM-07-166"
"297",0.486108704441749,0.0453416507826489,0.082250332120372,0.0469011725293132,511.8,8.21,3.26055652230227,"LM-07-054"
"298",0.410432147752687,0.0114710338359426,0.168818988528966,0.0269100353509848,522.93,8.03,2.87761301867339,"LM-07-029"
"29",0.0924768431357783,0.10008283756307,0.0987273138037503,0.142555915355072,551.1,NA,3.23380051985713,"LM-08-023"
"300",0.514779648871372,0.00788247939806521,0.309566463633106,0.025438910784665,495,7.88,2.76866496604588,"LM-07-089"
"301",0.72649832674171,0.00882263462123517,0.157164587770003,0.00170368116823852,460,9.67,2.38843734774089,"LM-07-156"
"302",0.291101855357819,0.0714123438091632,0.0860280196895115,0.119803104884513,533.64,7.96,3.06280280176138,"LM-07-161"
"303",0.420680512593902,0.0744144940344675,0.116659301811754,0.0963323022536456,502.84,8.15,3.27943600457832,"LM-07-028"
"304",0.749189281447346,0.000512032770097286,0.18642259771292,0.00285884963304318,477.47,7.96,1.71683801686786,"LM-07-025"
"305",0.579933847850055,0.000428763934827882,0.379884846257503,0.0071664829106946,536.25,7.83,1.51664460563484,"LM-07-044"
"306",0.716363791485368,0.0183004863066291,0.104726559167307,0.0334015868953161,488.99,8.9,2.82216801083807,"LM-07-111"
"307",0.822006361801826,0.000752471183773985,0.154359202380545,0.00502787563703526,447,8.95,1.60414963654884,"LM-07-047"
"308",0.203617608600901,0.239357838151969,0.0114775533924161,0.188362632573006,453.8,9.26,2.93977535361912,"LM-07-164"
"309",0.482085274095306,0.0257076316732354,0.0970082407739162,0.0148692225008957,464.05,9.27,3.1524147928586,"LM-07-153"
"310",0.676385488537725,0.000741894799317457,0.217375176200015,0.00170635803843015,465.52,9.02,2.1156199662058,"LM-07-008"
"311",0.461506241099104,0.00938259194102371,0.0939096925525676,0.164027812683254,468,8.97,3.21623556718094,"LM-07-087"
"312",0.146509661050029,0.159651291392883,0.0614143517012556,0.158285082297834,495.72,8.37,3.17776563381141,"LM-07-018"
"313",0.778210236925833,0.000957588113551416,0.160782133259197,0.00176072653136873,499.6,8.91,1.95922416350732,"LM-07-118"
"314",0.8084595049267,0.000576784426820476,0.131891372266282,0.00509492910358087,455.83,10.2,1.60624196248401,"LM-07-010"
"316",0.5791739844768,0.00963118236927086,0.244858648235227,0.00838479406265934,488.77,8.08,2.2454641044341,"LM-07-168"
"317",0.380070364238411,0.00600165562913907,0.413493377483444,0.00983029801324503,487.83,8.71,2.49188577830458,"LM-07-167"
"318",0.62471055243136,0.00286690925129562,0.289612967251075,0.00413496526629176,510.32,9.11,1.9724892869006,"LM-07-162"
"319",0.314886371078656,0.000589429563167201,0.131311808238915,0.0132949112581047,515.44,7.18,2.36238267368316,"LM-07-013"
"31",0.376790663179671,0.0068699012451696,0.155665716850775,0.013271400132714,536.65,NA,2.8447180128683,"LM-08-022"
"320",0.619607592509746,0.0142519332779447,0.106729724547837,0.0246692656739311,490.54,8.87,3.28406408562301,"LM-07-142"
"321",0.541041421755065,0.00497890878915704,0.129105870963281,0.0107876357098403,488.06,9.02,3.13423477782093,"LM-07-173"
"322",0.67853170189099,0.000411980389733449,0.246817451489309,0.00140073332509373,510,7.75,2.23420689734759,"LM-07-091"
"323",0.547634734484122,0.0239161944920279,0.149953880616682,0.0371590459876137,440.24,10.68,2.9777525014051,"LM-07-160"
"324",0.451840088379479,0.00745701857349997,0.16364012980736,0.00372850928674998,480.4,9.37,3.12150643107525,"LM-07-159"
"325",0.774027060956898,0.001115915748361,0.14290696052448,0.00544008927325987,457,9.08,1.81338497544178,"LM-07-032"
"326",0.523684899241036,0.00818783414962426,0.232175571092085,0.027704041574756,453,7.95,2.66717876804252,"LM-07-012"
"327",0.403531609032769,0.000339577791612429,0.433810628784877,0.0114324523176184,472.48,8.47,1.9268942955902,"LM-07-041"
"328",0.311998515838783,0.000417420342284681,0.145494179305227,0.0035712629284356,553,7.41,1.60581266938764,"LM-07-036"
"329",0.501686185541725,0.00275921270464161,0.352688699491079,0.0123857992519468,462.37,7.79,2.17233509440285,"LM-07-042"
"331",0.446624936558958,0.000930468617831162,0.506851632549484,0.00896633395364575,399,10.53,1.81036333439993,"LM-07-001"
"332",0.72427128840507,0.0152546014466805,0.0943923225667836,0.0222015326219294,469.94,9.79,2.29670131361934,"LM-07-095"
"334",0.523754977363225,0.000872743140784378,0.394207167403044,0.00289096165384825,525.76,7.8,2.10022910234087,"LM-07-009"
"336",0.286480596764731,0.138462827927248,0.0766071578241556,0.140390579163524,497.32,8.65,3.40453806071317,"LM-07-108"
"337",0.310231648046456,0.0179258978728776,0.132298175850533,0.0415325380294136,567.71,7.75,3.08608550687927,"LM-07-106"
"33",0.225454284277814,0.160166630754866,0.0499892264598147,0.115348703583998,494.19,NA,3.22377864816554,"LM-08-124"
"340",0.296873949579832,0.0158655462184874,0.0890084033613445,0.0267563025210084,490,8.88,3.44894669010932,"LM-07-170"
"341",0.15548947491979,0.189138430237108,0.0753580092338994,0.187182095625636,429.01,11.89,3.07064077176455,"LM-07-172"
"342",0.591937917654667,0.0017963641589423,0.23101243083998,0.0184666235539269,469,8.53,2.65594454705821,"LM-07-071"
"343",0.618693134822167,0.00646665162794195,0.136100458681104,0.0343634859763892,472.71,8.78,2.6244133072161,"LM-07-073"
"344",0.540858398107469,0.00216289286921257,0.385873605947955,0.00811084825954714,432.15,9.37,2.00669079527397,"LM-07-154"
"345",0.785356068204614,0.00125376128385155,0.168254764292879,0.00351053159478435,522,7.38,1.8509885500695,"LM-07-125"
"346",0.838727704559214,0.000325990779117962,0.132678247101011,0.000186280445210264,491,8.25,0.987043290023665,"LM-07-069"
"347",0.574845624245866,0.0130598339129818,0.262261338632976,0.00958194336006814,496.65,8.36,2.72395700184203,"LM-07-155"
"348",0.752590548907639,0.000304770459722178,0.213371402906548,0.00153989284912258,519.46,8.57,1.92333785076248,"LM-07-152"
"34",0.126339477068153,0.292863266180883,0.049078439777111,0.167702528932705,585.46,NA,3.03841444127653,"LM-08-009"
"350",0.616816991562409,0.0356415478615071,0.036368926389293,0.0488070992144312,449.34,9.12,2.997943717907,"LM-07-043"
"351",0.592771084337349,0.0306681270536692,0.236217597663381,0.0302300109529025,517,9.09,2.97902173828268,"LM-07-085"
"352",0.478276252476649,0.00198131899235777,0.410274554203227,0.013727710161336,471,9.55,2.01302016755637,"LM-07-040"
"353",0.174876518488853,0.126685355760246,0.0588038980109465,0.298825256975037,471,8.81,3.15820853713607,"LM-07-099"
"355",0.653610055539316,0.000657702426191172,0.275650394621456,0.0048962291727565,506.14,8.79,1.73277279872032,"LM-07-061"
"356",0.490314112428714,0.0271114329682267,0.108717298814158,0.0800669865121753,525,8.38,3.37308240289107,"LM-07-062"
"357",0.49290940294463,0.0056905428597236,0.332309637792431,0.00415499954836961,475.66,9.67,2.68668848683608,"LM-07-171"
"358",0.738499866536169,0.00836373342824095,0.0675326986386689,0.0404840288281876,445.38,8.64,2.83752839332437,"LM-07-110"
"35",0.138231631382316,0.13093755559509,0.0825475893969045,0.106475716064757,521.97,8.62,3.37060790998594,"LM-08-063"
"360",0.801635434412266,0.00149914821124361,0.162725724020443,0.00422487223168654,419,8.83,1.68013334126952,"LM-07-002"
"361",0.34717527764365,0.0995493320457106,0.0109447931755996,0.247947851279575,487.61,9.02,3.11576097176335,"LM-07-052"
"362",0.264864864864865,0.103364589078875,0.0275785990071704,0.124324324324324,528.83,7.19,3.1392184353254,"LM-07-045"
"363",0.912884767166535,0.000295974743488556,0.0451525914233097,0.00315706393054459,452.14,8.85,1.38882119175617,"LM-07-005"
"364",0.534442763489662,0.0304589006555724,0.122642460917801,0.102672718103883,467,9.21,3.25680125167027,"LM-11-191"
"365",0.01586655817738,0.0500406834825061,0.0147477624084622,0.52186737184703,513.21,8.87,2.57806887959581,"LM-07-021"
"366",0.149727597219613,0.0835368526520133,0.0500970630596781,0.323000814077275,457.96,7.53,2.93738818715365,"LM-07-003"
"369",0.186782639885222,0.175215208034433,0.0229555236728838,0.246233859397418,501.12,7.48,3.0071468139293,"LM-11-148"
"36",0.0669379450661241,0.154832146490336,0.0254323499491353,0.320549338758901,474.03,9.07,3.01332588354797,"LM-08-083"
"373",0.722643969020781,0.0165631469979296,0.0896403650026838,0.0388773867034737,485,8.45,2.85131178238205,"LM-11-142"
"374",0.48479538191939,0.10019585609731,0.0689619626842594,0.025564374806721,484,8.47,3.28450330416418,"LM-11-084"
"375",0.0292812019805361,0.10799043879119,0.00879289738774116,0.373143247396278,454.87,8.35,2.92034699292393,"LM-11-169"
"377",0.759160334060643,0.00338574975547363,0.168158904521857,0.00323527198856369,442,10.18,2.31245662151248,"LM-11-132"
"37",0.107684737144263,0.158615599114246,0.0344459936028869,0.318461412285738,483.72,8.48,3.27089668336235,"LM-08-079"
"381",0.800498338870432,0.00227021040974529,0.143078626799557,0.00326688815060908,478.84,9.19,1.75700713078908,"LM-11-101"
"382",0.308086785009862,0.0436883629191321,0.204043392504931,0.0439842209072978,552.58,6.15,3.28008376878034,"LM-11-104"
"383",0.341016185207949,0.0638188895718091,0.140237656217988,0.136242573243188,500.78,7.09,3.14227856055133,"LM-11-126"
"385",0.0305794774485477,0.0739308130199971,0.00773609692015764,0.269960589694935,477.55,8.59,2.43309226945694,"LM-11-143"
"389",0.766528706356787,0.00689801549400403,0.102408999257137,0.0256818423007535,518.25,7.7,2.79164111379891,"LM-11-163"
"38",0.148599693465236,0.135920300961404,0.118364219033022,0.170684129859273,457.69,9.4,3.47409989942332,"LM-08-137"
"390",0.725752074688797,0.00350103734439834,0.128565871369295,0.0367608921161826,389.12,10.02,2.49053726416301,"LM-11-014"
"391",0.766425064297405,0.0105993297482659,0.0690515158600265,0.0257189618891747,439.89,10.23,2.52352665988654,"LM-11-089"
"392",0.648026315789474,0.0268057110862262,0.0823768197088466,0.0273656215005599,455.46,9.66,3.09253669457721,"LM-11-128"
"393",0.54576340986307,0.0687738082981571,0.0274889323586945,0.11469165036549,462.91,9.51,3.08813163876483,"LM-11-092"
"394",0.134079056760638,0.183206106870229,0.027057667598821,0.225304209810294,444.66,10.12,3.05929521963102,"LM-11-093"
"395",0.891503267973856,0.00101670297748729,0.0644880174291939,0.00697167755991285,523.41,8.41,1.39215020047273,"LM-11-097"
"397",0.189720150749739,0.157806110175607,0.0344799935851175,0.167829364124769,495.9,8.27,3.28457343158314,"LM-11-155"
"398",0.680732984293194,0.0151832460732984,0.146282722513089,0.0243979057591623,476.23,8.61,2.82829097542952,"LM-11-119"
"39",0.657503759398496,0.00384962406015038,0.218406015037594,0.0233383458646617,479.36,9.6,2.40687684725639,"LM-08-004"
"3",0.195091720376797,0.083681563850131,0.0552801189885969,0.17097528153552,469.38,8.73,3.20926390479465,"LM-08-101"
"401",0.855791798978324,0.000345160844953748,0.104100510838051,0.00117354687284274,410.29,10.72,1.42284266673377,"LM-11-030"
"402",0.282248658735713,0.113521499105824,0.0842080709120597,0.221988958867895,535.11,8.78,3.10381319318761,"LM-11-003"
"403",0.643351494625239,0.0706081578559859,0.0365189221027831,0.0521278162273597,447.12,9.06,3.34301411650192,"LM-11-043"
"405",0.41491413352925,0.0589585820552851,0.338874093121499,0.0456423914041693,498.32,8.23,2.93804847735166,"LM-11-115"
"406",0.359614612605379,0.120674427940586,0.0266559614612605,0.191730228823766,507.96,8.27,3.03925147805726,"LM-11-040"
"407",0.612998894138936,0.00889715492108173,0.229466170704735,0.00487584196240072,438.92,9.11,2.24785322460079,"LM-11-038"
"408",0.599608157449461,0.0219966159052453,0.17223261198682,0.0484459880666132,515.27,7.18,3.06322082398773,"LM-11-117"
"409",0.38845234028015,0.0757089169798428,0.0584215920737957,0.192142125042706,445,9.89,2.87475854601815,"LM-11-100"
"411",0.12984974209464,0.0628504148912312,0.0482170890334156,0.216079838528818,512.88,7.12,2.97655600869185,"LM-11-177"
"413",0.817114231748378,0.0101831321343516,0.0718567791738523,0.00927978976759465,483.87,9.4,2.61367722945016,"LM-11-031"
"414",0.600861244019139,0.0151196172248804,0.14755980861244,0.0350239234449761,481.2,8.27,2.94453288390312,"LM-11-016"
"415",0.114852062381577,0.156901326337269,0.00276927561579945,0.226351843754555,445.36,9.88,2.77286694431014,"LM-11-042"
"416",0.68603690443404,0.0353070779399614,0.0378408152024236,0.0348113467364362,479.84,8.25,2.76034091145022,"LM-11-004"
"417",0.104377405782831,0.106436308298272,0.0711664130337481,0.320025064900188,547.66,7.76,2.8807498073506,"LM-11-009"
"41",0.37316037020179,0.0920194204217873,0.101653770292824,0.115915642542861,518.31,7.52,3.30225410408,"LM-08-044"
"420",0.198856799037304,0.144304051343763,0.0404131568391496,0.250401123144805,509,7.86,3.15668937111572,"LM-11-130"
"421",0.427992297557515,0.0298976385932908,0.252153643457991,0.074186682882335,473.04,8.77,2.82427104506892,"LM-11-261"
"422",0.934728593272171,0.000191131498470948,0.036888379204893,0.00363149847094801,479,9.81,1.5508715677653,"LM-11-255"
"423",0.0651358112937813,0.14903502501787,0.0317190850607577,0.467298070050036,528.41,7,2.66272429086742,"LM-11-260"
"424",0.217805015724538,0.104023869042819,0.0665268929925006,0.156116442222401,538.16,7.99,3.26140459348138,"LM-11-156"
"426",0.159623316989649,0.136353023581602,0.0347108724414351,0.307572573741147,466.36,9.22,3.19033908900455,"LM-11-206"
"427",0.800211602891906,0.0266266972315288,0.0506083583142303,0.0222770822312349,500.51,8.99,2.31345975499432,"LM-11-259"
"428",0.0499608457321848,0.20407204385278,0.0282693813625685,0.357948316366484,556.94,7.72,2.93108661141696,"LM-12-172"
"42",0.17132287281541,0.19964281158311,0.0318280392907259,0.192881745120551,531,7.72,3.37139476813463,"LM-08-082"
"432",0.361505537060942,0.114138188735648,0.043752972348665,0.129084856308173,570.09,7.42,3.44616276339877,"LM-11-203"
"433",0.0773,0.161,0.0544,0.1998,532.03,7.42,3.12639943165006,"LM-11-209"
"434",0.284081203600289,0.102095788712962,0.0232573418303659,0.263189015176401,455.19,8.57,3.2303750286549,"LM-11-152"
"436",0.315105760729103,0.146772767462423,0.0380194518125553,0.178739032850439,492,9.86,3.12391484440095,"LM-11-265"
"437",0.0595959595959596,0.107148407148407,0.0176379176379176,0.279098679098679,537.04,7.36,2.95952566388092,"LM-11-263"
"439",0.842175957018133,0.00604432505036938,0.0795577827142636,0.00805910006715917,431.25,10.78,2.01908523388042,"LM-11-221"
"43",0.560978859477705,0.0125244270740807,0.187244626043702,0.0165215846509149,521.44,8.05,2.84360417279189,"LM-08-125"
"441",0.194243114516463,0.137191965210188,0.0273348519362187,0.289086767446676,459.36,9.36,3.09448971319212,"LM-12-083"
"443",0.513336913712854,0.00742928750447547,0.35078768349445,0.0414428929466523,499.95,9,2.53629226603675,"LM-11-181"
"444",0.172680924319672,0.173541680460836,0.0357544858637357,0.229159769582202,511.61,7.82,3.14140233679234,"LM-11-210"
"445",0.055852042694148,0.16658998895841,0.0202889216047111,0.350156422524844,519.11,8.48,3.06857492654821,"LM-12-197"
"446",0.349521966097718,0.0832306880168925,0.00703853598451522,0.0651651123233034,474.64,9.69,2.75168586622231,"LM-12-221"
"447",0.526167400881057,0.0549779735682819,0.0155066079295154,0.0444052863436123,516.04,8.91,3.04943588258045,"LM-12-132"
"448",0.325638406537283,0.0811712631937351,0.0302349336057201,0.0785154919986381,503.6,9.93,3.20469969439439,"LM-12-222"
"449",0.76992450520302,0.013140175474393,0.0447255662109774,0.0178739032850439,407.3,11.05,2.36794595696411,"LM-12-131"
"44",0.647038187832014,0.00120276636263406,0.102034679763456,0.00511175704119475,493.74,9.52,2.43898724313514,"LM-08-080"
"451",0.656709956709957,0.0281385281385281,0.0449350649350649,0.0642424242424242,428.94,9.79,3.06011694954566,"LM-11-172"
"452",0.0908266586066193,0.0516850536496902,0.0324165029469548,0.227595587124074,511.59,7.82,3.02650562381767,"LM-11-048"
"453",0.519987859868193,0.0404960110995491,0.0228061047519945,0.0447884148456469,427.93,10.52,2.82495697648458,"LM-12-021"
"454",0.338110207100592,0.112148668639053,0.0491863905325444,0.217640532544379,511.7,7.68,3.07807052723542,"LM-11-202"
"455",0.524070796460177,0.0754867256637168,0.0621238938053097,0.0561061946902655,486.28,8.84,3.33932980565499,"LM-11-162"
"456",0.352732386820252,0.0993838735601393,0.0809670506295205,0.14820519689258,527.52,8.34,3.20468739256314,"LM-12-398"
"457",0.653710247349823,0.0172752257557911,0.151550844130349,0.0461719670200236,455.75,8.56,2.47154698285356,"LM-11-201"
"458",0.596846594097183,0.0622825721018965,0.0488160700258108,0.0698574795196948,469.16,10.23,2.76196340565363,"LM-12-022"
"459",0.489612739775606,0.0909156713716974,0.0618892508143322,0.113065508505248,489.04,9.2,3.19799492525701,"LM-12-023"
"45",0.570032711669994,0.0220485152300438,0.162623730829687,0.0231955478142657,502.28,NA,2.82953922889179,"LM-08-120"
"460",0.161060620256723,0.153939848215122,0.0370092757425279,0.191698678909398,549.54,8.37,3.35275243050029,"LM-12-162"
"461",0.372124709465416,0.0597900136250701,0.0532980684459405,0.246453474392883,486.46,9.25,3.2964880522438,"LM-12-089"
"462",0.0938071848213426,0.153038620822498,0.0117499759221805,0.372435712221901,534.78,8.23,2.79010364774179,"LM-12-217"
"463",0.225654141255164,0.191291232211948,0.0828906813561545,0.172142435569546,475,8,3.10452806996243,"LM-12-109"
"464",0.69522137923225,0.0332351942022421,0.0354999433812705,0.0568452043936134,484.68,9.08,2.86161636301437,"LM-12-105"
"465",0.0434954527481218,0.0335112692763938,0.0194741004349545,0.618228548833531,486.54,9.04,2.06117640069279,"LM-12-200"
"466",0.167680278019114,0.0947513670976644,0.0215669239024889,0.171768794398733,544.68,8.63,3.10509360000316,"LM-12-090"
"468",0.347875035181537,0.0748663101604278,0.0248381649310442,0.0920349000844357,514.8,8.55,2.94267312167772,"LM-12-401"
"469",0.442745803357314,0.0438649080735412,0.13189448441247,0.082933653077538,494.41,8.29,2.89103086369944,"LM-12-403"
"46",0.179297458893871,0.0906576980568012,0.034304932735426,0.174215246636771,464.42,9.9,3.49172955249711,"LM-08-002"
"470",0.615599005231112,0.0173655775662465,0.0156075808249721,0.0603293028042192,435,10.8,3.04421693130335,"LM-12-410"
"472",0.45848474837573,0.181973350952538,0.0118929633300297,0.121682634071138,489,9.41,3.11123992287664,"LM-12-011"
"473",0.587870105062082,0.117860553963706,0.0223495702005731,0.10334288443171,477.25,8.59,2.93665042380772,"LM-12-043"
"474",0.254792724889399,0.0548910371948222,0.0636299087880277,0.226009066579278,520.63,8.26,2.94563034693528,"LM-12-146"
"475",0.00459531574266232,0.274533056626149,0.011340053364957,0.394974799881411,492.21,7.92,2.59211239635369,"LM-12-196"
"476",0.101503478195826,0.186176976587628,0.0438327474007031,0.243772907472511,525.62,7.99,3.164982183375,"LM-12-374"
"478",0.501995658567327,0.0301799593865976,0.0251382956375604,0.131643442335971,497.28,9.25,2.86381402815245,"LM-12-082"
"47",0.692214663643235,0.00740740740740741,0.142857142857143,0.00755857898715042,473.77,9.08,3.14843071127775,"LM-08-075"
"482",0.295903396907798,0.0300756122333822,0.0497686491366663,0.0723394650716623,497,8.85,2.93386363573537,"LM-12-383"
"483",0.218266735858848,0.148936170212766,0.0252205500778412,0.134820965230929,530,8.3,3.17939300237499,"LM-12-394"
"484",0.0610443275732532,0.146694214876033,0.0101427498121713,0.286532682193839,518.29,8.68,3.15933631262537,"LM-12-141"
"486",0.126368087557604,0.139832949308756,0.0303859447004608,0.392065092165899,479.59,9.59,2.78327947615948,"LM-12-045"
"489",0.794585475578406,0.00313303341902314,0.11086118251928,0.00538239074550129,499.43,9.01,2.26706064752834,"LM-12-193"
"48",0.48298504601227,0.0636023773006135,0.176524156441718,0.0523389570552147,568.97,8.08,3.13384527750293,"LM-08-123"
"490",0.0930178251731922,0.223554137152643,0.0344049194364443,0.158791935860512,517,8.12,3.16253097904839,"LM-12-142"
"492",0.164978703265499,0.117557974443919,0.0585896829152863,0.199432087079981,510,8.63,3.12278792276526,"LM-12-167"
"494",0.713771142200877,0.0257882647734391,0.0744414282731259,0.024274378784715,506,9.49,2.61092785221214,"LM-12-163"
"495",0.0746357418971157,0.0826642878382397,0.0394489047477451,0.323818019625335,541.56,7.94,3.07075085352648,"LM-12-198"
"496",0.261471010658402,0.092221634288306,0.0835286113840804,0.112706931740872,529,8.13,3.07802229029956,"LM-12-213"
"497",0.332788147007889,0.0856744275543583,0.0304983644410237,0.0711468154704637,453.67,9.04,3.05184316478698,"LM-12-069"
"499",0.733976326172731,0.00604997807978957,0.174747917580009,0.00122753178430513,473.2,9.72,2.074305142087,"LM-12-008"
"49",0.0456811849244757,0.124211761255316,0.0330693650095322,0.229725766241384,559.57,7.51,3.06826735060165,"LM-08-033"
"4",0.163769498581358,0.100060710436,0.0460779819355478,0.311642774838622,445.63,9.87,3.06097718460612,"LM-09-134"
"500",0.39229543407469,0.0736506616780988,0.0229335550474607,0.119725628767408,516.35,9.1,2.90617579403868,"LM-12-060"
"502",0.267206477732794,0.17004048582996,0.0403135498320269,0.163149280730468,516.49,9.49,3.12686703116456,"LM-12-079"
"503",0.486191515611654,0.025054569611844,0.132295719844358,0.0364430103445003,455,9.23,2.93013341412431,"LM-12-092"
"504",0.27143973432311,0.126196522758351,0.0195350654424692,0.138015237351045,549.15,7.47,3.30161939471562,"LM-12-059"
"506",0.238455306508237,0.10117922405257,0.0179134035466739,0.171302547484022,602.3,7.64,3.14742228551062,"LM-12-067"
"507",0.260757536717341,0.0876062870394228,0.0502447822726102,0.163703512840333,562,7.47,3.2127003413308,"LM-12-068"
"509",0.0743320392783741,0.16716145238639,0.100593742863667,0.222082667275634,435.93,8.03,3.11488510798536,"LM-13-193"
"50",0.441339396444812,0.0537412153782555,0.078462174452253,0.0935097147581645,499.05,8.82,3.16532234911162,"LM-08-140"
"510",0.0830866025166543,0.170614359733531,0.000555144337527757,0.254163582531458,551,7.8,2.96620417525085,"LM-13-171"
"511",0.618856487549148,0.0381716906946265,0.0540629095674967,0.0845347313237221,530.84,8.85,3.16473182028563,"LM-12-071"
"512",0.79407074514352,0.00717599304146129,0.128515511742534,0.0126123514062047,544.14,9.19,2.48908541530007,"LM-12-062"
"513",0.554381329810656,0.0840158520475561,0.0769704975781594,0.128401585204756,521.27,8.82,2.86599942742122,"LM-12-064"
"515",0.0182491176723767,0.159938021864509,0.0265989498149264,0.257123181544289,564.62,7.44,3.14991375959269,"LM-12-035"
"516",0.0890919474585951,0.0819123766011259,0.108264665089337,0.112343966712899,524.84,7.24,2.90617931036274,"LM-12-036"
"517",0.440740740740741,0.0953179594689029,0.0352900069881202,0.115373864430468,544,8.82,3.24062157105006,"LM-12-005"
"518",0.140370399809236,0.107702090453859,0.0612828868929338,0.146172800254352,458.31,9.6,3.07520183258068,"LM-12-055"
"519",0.112866634257009,0.180764867930643,0.0260087506076811,0.176389564090099,516.43,8.13,3.11633601570773,"LM-12-087"
"51",0.166766691672918,0.189347336834209,0.03615903975994,0.216129032258065,449.63,9.56,3.08014755393173,"LM-08-043"
"520",0.498186889818689,0.0491492329149233,0.0418410041841004,0.133221757322176,461.95,9.96,2.65752777970362,"LM-12-070"
"521",0.560230172086206,0.032028662939037,0.0565115900331144,0.0359915314043754,481.27,9.56,2.78643910234562,"LM-12-088"
"522",0.204180357794816,0.0326761591821833,0.170043811610077,0.287513691128149,527.91,8.33,3.11213318064567,"LM-13-030"
"523",0.211842279948666,0.0242952604328008,0.109704828074523,0.0472629110058857,451.17,10.64,2.56683588344511,"LM-12-010"
"524",0.278115501519757,0.0365867387143983,0.304007655071485,0.0825171676235506,452,9.73,2.93752910718645,"LM-12-014"
"525",0.241934715272814,0.110936383130808,0.118370264474625,0.178365499166071,533,7.32,3.00514234464404,"LM-12-016"
"526",0.0440007753440589,0.140337274665633,0.0566970343089746,0.319150998255476,483.55,9.1,3.00999490931129,"LM-12-019"
"527",0.422694094226941,0.00126078301260783,0.346317186463172,0.00278699402786994,471.05,9.34,2.26191127215851,"LM-13-001"
"528",0.405175264550265,0.0432374338624339,0.201306216931217,0.124007936507937,475.42,8.73,2.82696351721417,"LM-13-006"
"529",0.642535029795458,0.0119987115477533,0.165968755033017,0.0357545498469963,440.74,10.21,3.0665636268219,"LM-13-234"
"52",0.428720238095238,0.121875,0.102678571428571,0.0689732142857143,425.77,10.33,3.1855505043911,"LM-08-066"
"530",0.0837297031326882,0.212153518123667,0.135148433655896,0.225848778087584,528.19,7.76,3.06967263905406,"LM-13-231"
"531",0.425223722129531,0.0860761413620507,0.130138025178219,0.102305475504323,387.21,11.11,3.17623552894824,"LM-12-001"
"532",0.546324655436447,0.0411083460949464,0.139261102603369,0.059197932618683,455.67,9.66,3.00266227554763,"LM-12-002"
"533",0.0496391120795315,0.139180171591992,0.0499114803213945,0.187253166280812,469.9,9.58,2.96627611233851,"LM-12-020"
"534",0.46786870087841,0.083587609801202,0.0815533980582524,0.0728617660656496,529.91,8.49,3.38655425484381,"LM-12-040"
"535",0.475,0.0329718004338395,0.320119305856833,0.0441431670281996,497.87,9.24,2.68030525860377,"LM-12-032"
"537",0.273824277607462,0.0040440936664275,0.564085839149436,0.000782727806405322,566.74,6.62,1.9596623614641,"LM-13-157"
"538",0.456926257753274,0.0159889731219848,0.380702963473467,0.0114403859407305,527.89,8.15,2.30822260003527,"LM-13-158"
"539",0.299751137046254,0.115420921651077,0.243456620612718,0.128893847078006,502,8.37,3.02095921401273,"LM-12-056"
"53",0.114019292604502,0.139421221864952,0.0537620578778135,0.331061093247588,452.43,NA,3.07840632156678,"LM-08-005"
"540",0.599729038085203,0.0108384765919012,0.124717748005419,0.0373325304832154,529.76,8.31,2.97177203237194,"LM-12-057"
"541",0.538609467455621,0.0246055226824458,0.139595660749507,0.0517751479289941,491.61,8.95,2.75978799852094,"LM-13-233"
"543",0.133772759198228,0.138797341833703,0.0350099951375007,0.309957318061484,447.39,9.39,2.85748315263068,"LM-13-242"
"544",0.574289091288327,0.056386011263297,0.139192101786832,0.0292011402349997,471.71,8.59,2.66350759867831,"LM-13-190"
"545",0.504677846425419,0.058252427184466,0.160194174757282,0.0920564872021183,489,9.82,2.94871864726812,"LM-12-009"
"546",0.104070744719725,0.121903091427319,0.0484542863407148,0.155594533362567,481.76,8.93,3.0607335842902,"LM-12-029"
"547",0.231427896539506,0.04446675327743,0.240876343451045,0.0546828865005315,518.39,8.68,3.042336907431,"LM-12-030"
"548",0.242503097893432,0.10086741016109,0.130793060718711,0.139838909541512,445.68,8.98,3.32975529968973,"LM-12-004"
"549",0.538033653177583,0.076577202985213,0.101005886988365,0.0596115514763825,493.06,7.71,3.09811990528445,"LM-13-201"
"54",0.484580463368817,0.00117407639323732,0.349326862867877,0.0025829680651221,485.29,9.27,2.17019302818487,"LM-08-026"
"550",0.536193907631837,0.0189158205044219,0.18678349164756,0.0400425810678022,498.26,8.23,2.8289961265351,"LM-13-192"
"551",0.128249916022842,0.17124622102788,0.0350016795431643,0.231239502855223,553.17,7.95,3.19102469927883,"LM-13-178"
"552",0.395436962185206,0.0253414383832004,0.234309623430962,0.0656824820399463,551,6.9,3.16144653810849,"LM-13-176"
"553",0.289842096695426,0.0111509034673612,0.43187367735634,0.0476151717401921,521.57,7.48,2.81248062031867,"LM-13-174"
"555",0.225978647686833,0.0415532761147163,0.391563742934896,0.0770357965250157,476.7,8.6,2.66212821436242,"LM-13-182"
"556",0.487349051178838,0.00589419206440483,0.401811385853939,0.0145198389879241,482.36,8.91,2.40896803571176,"LM-13-183"
"557",0.113228389947528,0.15824357912179,0.163030470404124,0.126576452177115,497.83,8.14,3.2325213303712,"LM-13-121"
"559",0.193137027591004,0.125280160754309,0.0700208671458382,0.220496174356596,442.41,9.38,3.26243153004512,"LM-13-123"
"55",0.511413826770189,0.0121809475103445,0.202380398902785,0.0152029383048956,511.75,8.21,2.75260873983168,"LM-08-065"
"560",0.168016877637131,0.205400843881857,0.115443037974684,0.131983122362869,557.5,7.53,3.26598435742935,"LM-13-167"
"561",0.505096598316937,0.0029631385563589,0.405120303425388,0.00628185373948086,508,7.87,2.14403977806061,"LM-13-153"
"562",0.357836732375163,0.0688519002442765,0.199511446912458,0.104527637334545,523.58,6.68,3.15579400458757,"LM-13-151"
"563",0.135369840621169,0.00204331834899877,0.748876174908051,0.00653861871679608,570.42,6.66,1.46081590951982,"LM-13-025"
"565",0.886812344259153,0.00469618554724938,0.0632547441058079,0.00536706919685643,517.81,8.21,1.7517043291698,"LM-13-028"
"566",0.126109467455621,0.0981508875739645,0.0963757396449704,0.101183431952663,533.06,7.69,3.10256879551333,"LM-13-017"
"567",0.544620282798015,0.00103005899428785,0.417548459593595,0.00243468489558947,496.17,7.96,2.02728200050333,"LM-13-036"
"568",0.388031004025716,0.0348494862705041,0.238418554347173,0.0919906266898997,499,7.62,2.87014182258273,"LM-13-031"
"569",0.708275794042217,0.0223416847504439,0.106924442690866,0.0276681791280331,465.95,9.44,2.42365114363429,"LM-13-011"
"56",0.490298351762988,0.0419361568954726,0.0893664371653105,0.0427707072814521,548,8.58,3.18094818347872,"LM-08-077"
"570",0.545730520744143,0.0561220518408967,0.0916167198567759,0.0591577800264653,510.8,8.03,3.26307975289666,"LM-13-037"
"571",0.653115365311537,0.000932100093210009,0.305226930522693,0.00236610023661002,514.19,8.36,1.9977011808919,"LM-13-024"
"572",0.386242954007026,0.00481986765787109,0.431990850420717,0.00449309696920186,497.55,8.64,2.1200127940134,"LM-13-168"
"574",0.65100036758914,0.00556634983983616,0.202751667279315,0.00703670640130232,443.22,10.15,2.56037693856626,"LM-13-122"
"575",0.0674121405750799,0.0450479233226837,0.0384451544195953,0.21395101171459,467.27,9.42,3.0107508024734,"LM-13-108"
"576",0.269578090303479,0.103626943005181,0.080458919319023,0.118874907475944,505.28,8.51,3.11432433061639,"LM-13-132"
"577",0.41806908768822,0.0885058254411664,0.0644545888124276,0.0885739592559787,501.43,7.88,3.24031017997162,"LM-13-098"
"578",0.34412955465587,0.0465137201979307,0.205847953216374,0.118308591992803,483.63,9.3,2.86567269283767,"LM-13-051"
"579",0.21773731457312,0.0132425033424588,0.572674603679888,0.0247660278856561,483.86,7.23,2.12691684184163,"LM-13-147"
"57",0.633354209537443,0.0160150308669589,0.078196295964928,0.0118099668963049,521.01,6.53,3.06062907320015,"LM-08-086"
"580",0.158695875758511,0.0732284274400905,0.271109739792245,0.144811272241078,532.62,7.32,3.02357367580148,"LM-13-148"
"581",0.460068365444375,0.00815724052206339,0.4411124922312,0.0183343691733996,519.23,7.61,2.31265239417396,"LM-13-100"
"582",0.0281927203871239,0.117609930570166,0.0125184094256259,0.298337891857774,553,6.87,3.04006538171437,"LM-13-164"
"583",0.37962962962963,0.0593816957453321,0.282904805632078,0.0583868992959902,568,8.27,2.70163664666053,"LM-13-162"
"585",0.110909811470305,0.19577648191134,0.0475570401404065,0.236143350506709,504.52,8.52,3.08815197979663,"LM-13-064"
"586",0.522427783187277,0.0131775397598182,0.225316455696203,0.0318078545926647,487,8.62,2.76631635998833,"LM-13-008"
"588",0.370417326994189,0.0217643951399894,0.158478605388273,0.078499735868991,563.57,7.45,3.18205000110007,"LM-13-009"
"589",0.511186518663369,0.030827629838385,0.0893771208374073,0.0542359233910393,524,8.4,2.77630221990578,"LM-13-015"
"590",0.242864872176383,0.109427837143244,0.0851481130799405,0.0903557419180306,506.2,8.89,3.10127366421691,"LM-13-007"
"591",0.083241595393344,0.11550512321111,0.0428486747396054,0.185282411719875,488.46,8.39,3.37054307270307,"LM-14-083"
"593",0.591279708552593,0.00156132539177702,0.294165269184063,0.00300699705082982,475,9.16,2.17028226649708,"LM-13-021"
"596",0.112265625,0.0909375,0.058203125,0.15125,522.84,8.51,3.08966431554077,"LM-14-180"
"598",0.250497189796801,0.129615218331172,0.070903588413316,0.123130134025076,485.12,8.86,3.05796015637522,"LM-13-063"
"599",0.141591468416735,0.157178014766202,0.0635767022149303,0.138638228055783,567.45,7.05,3.31299756283114,"LM-13-070"
"59",0.40261305257817,0.0444599479926429,0.0352635250840363,0.126783788926238,474.56,7.8,3.31487058157747,"LM-08-024"
"600",0.20794952681388,0.0806309148264984,0.236971608832808,0.0606940063091483,538.17,7.43,2.98863950621217,"LM-13-145"
"603",0.39565086076714,0.00775193798449612,0.524413570925199,0.00302023557837511,452.1,8.63,2.0200016954742,"LM-13-136"
"605",0.710700967069085,0.00398204917514696,0.202326022375324,0.00790089122052968,455,8.35,2.59536850641594,"LM-14-016"
"606",0.320807425430297,0.0209065513201766,0.106244931062449,0.21122825989006,531.83,7.9,2.84697151209431,"LM-14-022"
"607",0.545327179825284,0.00173067413878358,0.346876545244767,0.00815889236855118,443.89,8.79,2.28064456390668,"LM-14-030"
"608",0.218167072181671,0.0267639902676399,0.330359556636929,0.0786699107866991,537.57,7.07,3.003519750984,"LM-14-163"
"60",0.153044526741883,0.154250279906985,0.0196365515459478,0.286538627163896,509,9.43,3.03147882198195,"LM-08-045"
"610",0.181094122434742,0.114470088948317,0.0357537352479507,0.227951863263764,534.85,7.95,3.14549280188592,"LM-13-111"
"611",0.0292490118577075,0.111133069828722,0.0149538866930171,0.288998682476943,476,8.4,3.07392155125551,"LM-13-105"
"612",0.135395767264255,0.0969516536146528,0.0233641835479904,0.389424632709857,494.42,NA,2.93780948564505,"LM-13-109"
"613",0.514619262403821,0.0978508888299284,0.0832581586627753,0.0887237994162908,509.97,8.14,2.96701915384955,"LM-13-077"
"617",0.363896848137536,0.0541396471120495,0.0944050671090333,0.0713316241894134,465.11,7.96,2.93347619654952,"LM-13-134"
"618",0.651913539814728,0.00290072050154393,0.288902404790867,0.00191821839618228,434,10.6,1.97593151510776,"LM-13-083"
"620",0.161424744518305,0.134537156463935,0.12421867248735,0.147336045242584,531.29,7.53,3.44884921074672,"LM-14-077"
"621",0.219927674153026,0.159307194518462,0.0541492196421774,0.180814617434336,484.08,8.78,3.26271010306747,"LM-13-142"
"622",0.192580616186113,0.182789903889338,0.121350938650858,0.134824395939998,536.1,7.83,3.27923936684962,"LM-13-091"
"623",0.665868263473054,0.0120681713496085,0.191524643021649,0.0164900967296177,478.32,9.2,2.14992701412063,"LM-13-092"
"625",0.458859896354214,0.0377307027911628,0.305300481861987,0.0300027275206837,441.44,8.38,2.81951567627847,"LM-14-068"
"626",0.775270015014288,0.000581198237032014,0.193539012931661,0.00179202789751538,415.89,10.22,1.60644632515114,"LM-14-065"
"627",0.426512013256007,0.000745650372825186,0.498922949461475,0.0153272576636288,488,7.79,2.24077500774727,"LM-14-040"
"628",0.156841783750764,0.119120342089188,0.0549786194257789,0.204795357361026,511.04,8.41,3.26569616111821,"LM-14-037"
"629",0.474330652999912,0.0138729345232836,0.257665459043916,0.0378192100379959,544,8.18,2.98290651645129,"LM-14-015"
"62",0.750078022595344,0.00530553648336558,0.137257349728481,0.0209724736283628,517.5,8.5,2.52222385299541,"LM-08-081"
"630",0.539800835207196,0.0209444265981368,0.25069065210408,0.0291680051397366,474.41,7.38,2.65285496316905,"LM-14-033"
"631",0.532548102859198,0.000899118863513757,0.317119223161302,0.00908110052148894,501.02,9.28,2.60216086100557,"LM-14-046"
"632",0.660417609412373,0.00400801603206413,0.243325360398216,0.0135755381731204,449,9.47,2.38528638072566,"LM-14-049"
"637",0.626340243030736,0.0195377650702883,0.219859423397665,0.0201334286395044,528.67,7.19,2.4797284278563,"LM-14-045"
"638",0.123863696773165,0.0768167561533146,0.0349795332518207,0.397427037371751,461.71,8.88,3.02811378957143,"LM-14-124"
"639",0.654244040352117,0.011758658356358,0.108912163464628,0.0513397159930605,513.89,8.76,3.01136223869598,"LM-14-127"
"63",0.160256791297628,0.175414610949296,0.0601557391666171,0.111751768412293,501,7.98,3.34925721054846,"LM-08-015"
"640",0.533929257977701,0.0066320645905421,0.316224529027297,0.0106689734717416,507.38,8.67,2.48849832341136,"LM-14-011"
"641",0.19055805342502,0.136339592700344,0.0286299920655911,0.176937318169796,498.45,7.72,3.13622943344273,"LM-14-013"
"642",0.456566247440772,0.0142585551330798,0.4243930973969,0.0290289558350395,457.49,7.76,1.98956858973431,"LM-14-225"
"643",0.684741167499788,0.0137253240701517,0.189062102855206,0.0136405998474964,460.37,7.06,2.34782179050598,"LM-14-226"
"644",0.127148924694937,0.165913840760467,0.0231915323939864,0.214184588417717,551.87,8.15,3.26762652342908,"LM-14-223"
"645",0.111670518322879,0.123803235391218,0.00231099372730274,0.320031363486299,475.3,9.26,2.7023731436552,"LM-14-230"
"646",0.119178383128295,0.118025043936731,0.054701230228471,0.251427943760984,515.25,7.86,3.17380575526126,"LM-14-034"
"647",0.0062705138882085,0.174006760397786,0.0748542595404889,0.27609856464018,477.71,7.54,3.16899422042244,"LM-14-035"
"648",0.683148916551406,0.016366989396035,0.190006915629322,0.0211502996772706,475.68,8.62,2.17323316365834,"LM-14-154"
"649",0.460555896178214,0.0341303903535663,0.249437972613938,0.0712241978336399,464.03,8.4,2.96145396365821,"LM-14-152"
"650",0.668873089809594,0.0111138350902999,0.160742011931029,0.0399607746996813,508.91,6.48,3.02742514934838,"LM-14-151"
"652",0.0441267441061241,0.176438243178225,0.0604165234724036,0.218228056911128,498.84,7.82,3.13148554084488,"LM-14-142"
"653",0.60881074871385,0.00988961590330153,0.265021727186454,0.0158833225113631,454.46,NA,2.62276345121956,"LM-14-150"
"654",0.23358458961474,0.119597989949749,0.0247068676716918,0.252093802345059,466.22,9.76,3.11026215368189,"LM-14-058"
"655",0.359741629317163,0.0219483258634326,0.477853941471131,0.0342736620089639,453.21,7.61,2.3197898981902,"LM-14-207"
"656",0.111642114598216,0.171158299256048,0.0447849435877223,0.326402916687195,508.2,7.18,3.12650879683281,"LM-14-196"
"657",0.527101903155866,0.000562113546936481,0.400385449289328,0.00273026579940577,460.22,8.04,2.17626009920125,"LM-14-183"
"658",0.18066543230657,0.0524041968243281,0.207316388935645,0.135050216013017,441.67,8.38,3.23439800443421,"LM-14-197"
"65",0.0827977720651242,0.174592973436161,0.0293487574978578,0.172879177377892,525,7.62,2.94529720060329,"LM-08-052"
"660",0.47387435016301,0.051722618732928,0.146268393691074,0.0576262225746762,464.67,9.04,3.31271768353545,"LM-14-217"
"661",0.580734614449039,0.0364874726343955,0.179615665288251,0.0718559961080029,496.12,9.07,2.40077783890713,"LM-14-242"
"662",0.106941453911617,0.0898185173792679,0.159027991387265,0.211422126525172,525,8.29,3.34943061349346,"LM-14-182"
"664",0.289235655596216,0.00324518400883795,0.558516881861493,0.0294828419526341,413.5,8.34,1.90537712955933,"LM-14-184"
"665",0.205779098028625,0.116482131605005,0.162030785849311,0.151048699252858,494.1,9.11,3.2056087290919,"LM-14-188"
"666",0.446595605829889,0.0281342904792981,0.304981509680226,0.0421289246610108,440.97,10.2,2.80360911534532,"LM-14-212"
"667",0.579453950679416,0.00754906894816306,0.311713638651233,0.00666834423754404,451.89,8.41,2.17264288409816,"LM-14-186"
"668",0.0075604547815548,0.156114734229815,0.0225082241588273,0.4263288509263,502.33,7.76,2.77131549658592,"LM-14-208"
"669",0.0485623988283358,0.102828952439682,0.203345409697063,0.172049641563247,548.36,6.75,3.1320637591042,"LM-14-209"
"66",0.452077912945644,0.0169467688629492,0.206455242247381,0.0430349483158709,471.32,9.55,3.07772241870773,"LM-08-136"
"670",0.403290903446135,0.0687985097795716,0.142502328469419,0.108289351133188,472.74,NA,3.2133242330577,"LM-14-139"
"671",0.402544951590595,0.00304287690179806,0.445034578146611,0.0161549100968188,418.04,9.93,2.51115529259572,"LM-14-131"
"672",0.460874012615787,0.0572824913337501,0.0941637779166903,0.0805819173722794,404.83,10,3.35399192924089,"LM-14-161"
"673",0.237278804561541,0.00408965788438852,0.474243020055053,0.0167518678725914,500.92,7.59,2.43215643092174,"LM-14-204"
"674",0.743711001642036,0.00630541871921182,0.122692939244663,0.0171428571428571,496.8,8.25,2.58779551978661,"LM-14-219"
"675",0.517786748990739,0.0167181192115887,0.275516504393256,0.0447874614105913,519.26,8.47,2.5680466399334,"LM-14-243"
"676",0.103086457630239,0.108977112351967,0.150395778364116,0.243173590231331,499.8,8,2.92720178849042,"LM-14-220"
"678",0.455651800415205,0.0133151979382919,0.308826687665545,0.0391581358722886,480.58,8.43,2.68934240804196,"LM-14-162"
"67",0.346817126996405,0.0469581835555353,0.070437275333303,0.100286663329845,486.99,8.01,3.39964978182912,"LM-08-035"
"680",0.0927152317880795,0.188889987150341,0.0951863200553524,0.200454680241178,428,9.46,3.30113270152972,"LM-14-143"
"681",0.299247176913425,0.0127352572145546,0.364240903387704,0.0491844416562108,476.59,8.81,3.05335881979046,"LM-14-130"
"682",0.112043698374634,0.177657873701039,0.0471622701838529,0.251731947775113,522.31,6.8,3.13898813736897,"LM-14-149"
"683",0.449714567622806,0.0110649094368877,0.203326520544083,0.0449644090492635,492.85,9.13,3.21849469578646,"LM-14-102"
"684",0.469748183200946,0.00354909582558729,0.433581206692581,0.0173229677201284,449.57,8.01,1.98872212948895,"LM-15-020"
"685",0.331849835069899,0.0250274883501754,0.111471804806534,0.0254463584480863,506.25,7.9,2.66394584433249,"LM-14-120"
"686",0.169759253972785,0.0210295936816062,0.41459701208488,0.0275953944238272,496,6.45,2.48815617406714,"LM-14-080"
"687",0.205835117773019,0.0995717344753747,0.144271948608137,0.227047644539615,516.48,7.36,3.2680612236008,"LM-14-100"
"688",0.0055668016194332,0.078778677462888,0.0441970310391363,0.402580971659919,465,8.39,2.74180065747118,"LM-14-118"
"689",0.628623518687329,0.00209662716499544,0.32926162260711,0.00428441203281677,488.99,8.08,1.92782220336739,"LM-14-092"
"68",0.0445487022769337,0.108552489992683,0.0739895837816898,0.205483579391383,550.78,7.44,3.31565214075028,"LM-08-018"
"690",0.197729672650475,0.01009767687434,0.561444033790919,0.0357048574445618,513.15,6.63,2.23395674941412,"LM-14-114"
"691",0.152530661599585,0.0989808257039212,0.183883226809466,0.209448954914493,442.92,9.71,3.17962722985757,"LM-14-104"
"692",0.237813250944044,0.000343288705801579,0.709491932715414,0.00635084105732921,444.08,7.88,1.28152153416354,"LM-14-112"
"693",0.535747757397242,0.00481992234569554,0.289597000937207,0.00870263756861695,440.71,9.08,2.70241807145387,"LM-14-122"
"694",0.12883631713555,0.162883631713555,0.156889386189258,0.221787084398977,524.61,7.24,3.03619097530931,"LM-14-105"
"695",0.0738784748418548,0.137020486332772,0.0998200916952005,0.221983634147757,508,8.66,3.20738618436005,"LM-15-081"
"696",0.62811100049776,0.00130662020905923,0.318628670980587,0.000622200099552016,475.72,10.41,2.13057603724402,"LM-14-113"
"698",0.650732350586351,0.0125747656949089,0.141666274195827,0.0398907361183064,512.86,9.26,2.73262619098377,"LM-14-101"
"699",0.621873815839333,0.0199886320575976,0.231479727169382,0.00961538461538462,539.62,7.04,2.581427841927,"LM-15-019"
"6",0.409096216721158,0.00753152732368052,0.38626809901915,0.00578000934142924,455.87,8.77,2.26784350874661,"LM-09-114"
"700",0.405120965154335,0.0136045690816916,0.383751524096772,0.0295835205031124,478.54,8.99,2.74644750001966,"LM-15-013"
"701",0.0283104196816208,0.0820369030390738,0.0225217076700434,0.149873371924747,523.52,7.26,3.02530082910207,"LM-15-084"
"702",0.0760742120146217,0.189254431340092,0.0615904545141044,0.227532933305745,458,8.52,3.13038443547054,"LM-15-086"
"703",0.824327541061652,0.00230103943505515,0.107157026104896,0.00257875109101008,434,8.53,1.68877593971876,"LM-15-061"
"706",0.319055244195356,0.0225895001715658,0.351595562164017,0.0557588928285486,484,7.85,2.85171985587865,"LM-15-028"
"707",0.146008020415603,0.0761331875075951,0.0205978855267955,0.281868999878479,528.54,7.38,2.74692189640724,"LM-15-021"
"708",0.0897909601660171,0.131497697018778,0.125373285417827,0.283848762463937,454.73,8.8,3.18655871460966,"LM-15-047"
"70",0.438373958890502,0.0589134255367922,0.148085886757851,0.0667838312829526,510.05,7.45,3.39808839653036,"LM-08-138"
"710",0.142467668647326,0.125900034952814,0.0288710241174415,0.367633694512408,510.88,8.42,2.96516609914143,"LM-15-026"
"711",0.395544820182501,0.0140633387010199,0.243853998926463,0.0192163177670424,453.87,9.36,3.35001668609927,"LM-15-138"
"712",0.279038047379756,0.0390524048815506,0.107178750897344,0.132878679109835,467,8.67,2.89291316093847,"LM-15-214"
"713",0.186025059574141,0.102083173187793,0.126604658313475,0.0590360519640249,445.86,7.96,3.16028033965352,"LM-15-212"
"714",0.220022890998451,0.141452905137009,0.0721066451221975,0.109876792567158,472.06,NA,3.37681725027325,"LM-15-018"
"715",0.559727844285591,0.0479717509258462,0.133321849969856,0.0543450176556713,479.88,8.54,3.26238016562881,"LM-15-032"
"716",0.382166151733608,0.0315825609337453,0.305870236869207,0.048918640576725,496.85,8.45,2.94290923895438,"LM-15-030"
"717",0.119255946594076,0.14602372156329,0.0923585455959557,0.175578456153996,468.28,7.58,3.25982605056756,"LM-15-025"
"718",0.0837832918764788,0.0938542741005885,0.0953709882909664,0.225565734393011,517,7.74,3.29611159846492,"LM-15-033"
"719",0.286737857388908,0.0323802962452635,0.38408542886669,0.0274199104374785,515.9,NA,2.78869290576218,"LM-15-024"
"71",0.58578431372549,0.0234749455337691,0.187145969498911,0.0366013071895425,476.75,8.39,2.89445511108807,"LM-08-078"
"720",0.214933474548223,0.161514529688224,0.111272919838485,0.175613953796253,496.32,8.46,3.19108498272013,"LM-15-034"
"721",0.442414071726024,0.00497234135123376,0.486294984150662,0.00627758095593262,499.32,8.81,2.14907793949552,"LM-15-215"
"723",0.0377649584115911,0.169170914944996,0.0570163670512477,0.237456399248726,540.07,6.85,3.0986600813322,"LM-15-125"
"724",0.247207889752466,0.011233753510548,0.492782966494677,0.0928090915028411,484.39,7.33,2.44617162825497,"LM-15-133"
"725",0.0709052376627309,0.157795943082047,0.0665455646382077,0.333999394489858,483.15,8.18,3.0146559211168,"LM-15-135"
"726",0.114302461899179,0.131814185228605,0.13599062133646,0.127857561547479,504.39,8.53,3.23811585905359,"LM-15-072"
"727",0.214977851605759,0.045265780730897,0.232627353266888,0.100913621262458,541,8.32,2.99249296940869,"LM-15-001"
"729",0.223354321694333,0.0205495134516314,0.346250715512307,0.0856897538637665,458,7.21,2.66115674358132,"LM-15-118"
"72",0.736026943612156,0.000709635269999324,0.126393926423213,0.00279348487237829,486,8.85,1.97817037377393,"LM-08-031"
"843",0.512903861308117,0.00659968479117415,0.336583924349882,0.00837273443656422,501.68,7.57,2.3672584844605,"LM-16-148"
"846",0.599883855981417,0.00182512029201925,0.239671478347437,0.00564128090260494,458.78,9.92,1.93531689378552,"LM-16-045"
"84",0.222624081905186,0.132372579568217,0.0898063654573781,0.162975740040062,458.5,8.29,3.37851448731336,"LM-08-062"
"835",0.1283870480791,0.202279417314514,0.0699675447203563,0.228771982791154,527.32,8.53,3.29678587744584,"LM-16-185"
"836",0.0975503062117235,0.0479002624671916,0.0226377952755906,0.405949256342957,514.57,8.06,3.02009162395109,"LM-16-184"
"837",0.22233052724856,0.0573327425786442,0.212051395657953,0.0448382809038547,439.98,8.86,3.03225814787423,"LM-16-046"
"838",0.563220439691028,0.0491978609625668,0.0744503862150921,0.0401663695781343,455.59,9.33,3.08247510269246,"LM-16-297"
"839",0.21012078300708,0.0237401082882132,0.137026239067055,0.146501457725948,488,9.02,3.33342583240792,"LM-16-346"
"83",0.6475821495193,0.0273353422298752,0.112282967427177,0.0276223274501363,497.39,9.05,2.91566171364829,"LM-08-095"
"840",0.467850888166125,0.0268951713785339,0.352326745058794,0.0190142606955216,384.67,10.14,2.59896638209595,"LM-16-322"
"828",0.703483712817612,0.0104652807240843,0.197426106632725,0.0136237213029746,470.74,9.77,2.01359179495101,"LM-16-304"
"829",0.435290284038451,0.0308477705968609,0.427143865747027,0.00988432086026177,449.14,8.57,2.44611125935443,"LM-16-347"
"82",0.725313424425975,0.0246614211257119,0.0590425210794277,0.0358702432938241,438.44,9.81,2.27713038014673,"LM-08-006"
"830",0.217802197802198,0.126373626373626,0.041978021978022,0.181318681318681,475.8,10.3,3.23874614705242,"LM-16-306"
"831",0.395228215767635,0.0116989396035039,0.132895343476256,0.0375172890733057,491.47,8.14,3.09868999755089,"LM-16-301"
"832",0.602416810524436,0.000297636764093101,0.324900291684029,0.00101196499791654,511,8.51,2.111217689139,"LM-16-188"
"833",0.0154131847725162,0.0549675023212628,0.0142061281337047,0.252924791086351,471.68,7.21,2.83098983413311,"LM-16-187"
"834",0.190325006266188,0.101929985796641,0.232350238115131,0.140780349235525,539.77,6.85,3.13824430549128,"LM-16-165"
"81",0.0375342296526591,0.0753978875414359,0.013959521505487,0.145092548745084,551.18,7.26,3.03395727376639,"LM-09-165"
"820",0.406094227367744,0.0565203408908185,0.147129763627593,0.070992120919762,497.81,8.24,3.13999922498755,"LM-16-212"
"821",0.18822261414854,0.126984126984127,0.0564373897707231,0.191553987850284,468,9.83,3.36325571088986,"LM-16-215"
"823",0.526394890099568,0.00081407727471977,0.399774563216231,0.000939319932368965,516,8.33,1.88950756897391,"LM-16-066"
"824",0.3635127671326,0.000424862981688406,0.184178102561924,0.00386625313336449,452.81,9.72,2.18674998138009,"LM-16-327"
"825",0.0380307589434972,0.135656970912738,0.0923604145770645,0.268555667001003,545.47,7.24,2.98048728382357,"LM-16-324"
"826",0.578803972961788,0.00300041385018623,0.311698165264174,0.0013450131052559,435.84,9.64,2.1455961341687,"LM-16-307"
"827",0.292490513281406,0.00379468743758738,0.509286998202516,0.00319552626323148,481.12,8.73,1.97892014448417,"LM-16-330"
"812",0.195225225225225,0.147747747747748,0.0990990990990991,0.156576576576577,464.67,8.82,3.36541808468333,"LM-16-321"
"813",0.0674174637457575,0.110716856937159,0.0183585313174946,0.417977990332202,540.19,8.52,2.76518618738218,"LM-16-317"
"814",0.615384615384615,0.00509635292243988,0.233476668259277,0.0040346127302649,515.39,7.96,2.7622693257142,"LM-16-326"
"815",0.146310788149804,0.141280044717719,0.0600195640022359,0.174538848518726,519.39,7.7,3.10070931607866,"LM-16-298"
"816",0.0628227194492255,0.217835628227194,0.050882099827883,0.297117039586919,531.27,8.47,3.06438618095582,"LM-16-258"
"817",0.112167995902539,0.125338406380332,0.0598521987268603,0.19426355454745,464.58,9.47,3.31659983912941,"LM-16-351"
"818",0.17485613103143,0.130662535045005,0.0371845949535193,0.162756381879888,526,7.7,3.32723403390643,"LM-16-268"
"819",0.0928062852933955,0.139864146002128,0.0531140027825518,0.218184794173009,540.64,8.14,3.16164701232045,"LM-16-133"
"804",0.223072294335081,0.00429811742456804,0.67274133929339,0.0110031806068942,448.11,8.7,1.71836682703936,"LM-16-092"
"805",0.539994654652362,0.00183269061891489,0.33981138559047,0.00183269061891489,468.37,7.69,2.06500824375961,"LM-16-109"
"806",0.518708240534521,0.0312360801781737,0.127004454342984,0.0559576837416481,511,9,3.15796443722528,"LM-16-374"
"807",0.0911915784133426,0.100006341556218,0.0833914642653307,0.249793899422918,514.3,7.87,3.24846689885754,"LM-16-373"
"808",0.467021889400922,0.0353542626728111,0.127952188940092,0.0237615207373272,539.93,7.96,3.12968906706377,"LM-16-375"
"809",0.106761565836299,0.0710291233931295,0.370469896143511,0.0464085990267993,468.45,8.22,2.94593091696213,"LM-16-366"
"80",0.0918176589013517,0.102746620649986,0.00381075639919471,0.373741731377624,458.62,9.59,2.52462333007614,"LM-09-158"
"810",0.314690580503834,0.0857064622124863,0.17921686746988,0.071946878422782,490.24,8.77,3.37591245264511,"LM-16-363"
"811",0.155045558641524,0.073965794474492,0.118452467962773,0.210544267407299,474.1,9.28,3.24719344712947,"LM-16-323"
"798",0.538457570286304,0.00314676296105236,0.287954604075316,0.0061387670879546,412.25,9.34,2.46850790085789,"LM-16-234"
"799",0.278497409326425,0.0943745373797187,0.0501480384900074,0.22779422649889,487.02,8.93,3.38531908337857,"LM-16-218"
"79",0.366284923231815,0.0127107978857287,0.24565819280141,0.0269317895796627,479.63,9.17,3.00292789397935,"LM-09-159"
"7",0.229823502790768,0.0698446221149495,0.0941318449238196,0.0709760144818223,510.35,8.03,2.97269333761148,"LM-09-109"
"800",0.248746141975309,0.00400270061728395,0.480420524691358,0.021556712962963,455.18,8.46,2.34150594221447,"LM-16-223"
"801",0.65316978809461,0.00294557284797327,0.235294117647059,0.0147278642398664,498.06,9.34,2.54419964437868,"LM-16-314"
"802",0.12988108937476,0.143383199079402,0.0531645569620253,0.216954353663214,489.58,8.78,3.20199314117938,"LM-16-311"
"803",0.348544324501145,0.00171736997055937,0.340202813215571,0.0113673536146549,558.49,6.27,2.51490988402159,"LM-16-083"
"790",0.0646411092985318,0.126019575856444,0.192801794453507,0.145493474714519,509.14,8.64,3.20859959269897,"LM-16-264"
"791",0.0824316889785439,0.139647900238401,0.0496974142673758,0.282046579864295,528.94,8.13,3.2128881806852,"LM-16-260"
"792",0.697253795735502,0.0237700157637103,0.0868663403302082,0.030946652285738,497.3,8.65,2.71908504675995,"LM-16-257"
"793",0.617927170868347,0.0272642390289449,0.217693744164332,0.0527544351073763,477.99,8.47,2.52165995681991,"LM-16-248"
"794",0.447329006490265,0.00791669638399544,0.386990942158191,0.0101989872334356,499.23,7.01,2.78506645287855,"LM-16-286"
"795",0.430095590502621,0.0781991982732038,0.224113475177305,0.0363243909959914,535.37,7.38,2.74772595739972,"LM-16-285"
"796",0.108953137644376,0.21614066063415,0.0232472596189215,0.158243213418671,517,7.16,3.05918916509054,"LM-16-284"
"797",0.127959697732997,0.1727959697733,0.0459877653832314,0.178985246491544,513.73,7.88,3.14843241710537,"LM-16-250"
"783",0.175270229316093,0.00121224366097586,0.705121729467623,0.0033336700676836,485.18,7.52,1.6114611736617,"LM-15-194"
"784",0.124783121660074,0.189048511347075,0.270108959677979,0.137414116177389,537.5,8.93,2.88604226345401,"LM-15-080"
"785",0.086441813714541,0.104310922492741,0.0317623408532499,0.287424614697342,426.09,10.09,2.9023165223132,"LM-16-262"
"786",0.335818577197888,0.0491456974215595,0.0982292637465051,0.110034172103138,480.45,8.95,3.20233778350302,"LM-16-278"
"787",0.139436321254503,0.166278166278166,0.0465494101857738,0.284452920816557,526.64,7.41,2.91883299799621,"LM-16-235"
"788",0.4499358739465,0.0613319897398314,0.132008061561011,0.0755771344814951,519,8.29,2.8572543598813,"LM-16-270"
"789",0.671172512356339,0.00238194485797654,0.201155243256119,0.00809861251712023,413.58,10.16,2.33298100237273,"LM-16-294"
"78",0.653955730878808,0.00379867046533713,0.103367667470232,0.00759734093067426,549.82,8.55,3.39648880498283,"LM-08-103"
"777",0.380174815099414,0.00585918739794448,0.424550955719912,0.00461050811641533,451.71,7.86,2.42948468019705,"LM-15-180"
"778",0.17682570593963,0.110483609217786,0.101979876663421,0.297760467380721,425.22,9.17,3.17707517716722,"LM-15-178"
"779",0.353284245826347,0.139243274768535,0.203834657723992,0.0776408835751258,490,8.16,3.04094644143452,"LM-15-006"
"77",0.564978182508063,0.00758869284765699,0.14911781445646,0.00398406374501992,468.04,9.19,2.85257141384438,"LM-08-029"
"780",0.301523215268857,0.00220223894292531,0.610478986970086,0.00550559735731327,458.88,8.93,1.65442304403236,"LM-15-185"
"768",0.829100145137881,0.00235849056603774,0.130140299951621,0.00247943880019352,480.88,8.84,1.446664150079,"LM-15-252"
"769",0.687327701200534,0.0160960426856381,0.199199644286349,0.0188528234771009,471.75,8.69,2.5440588399328,"LM-15-258"
"76",0.161768689057421,0.119244312026002,0.0323672806067172,0.194813109425785,468.56,NA,3.39299892307237,"LM-08-100"
"771",0.342513274336283,0.0929557522123894,0.115893805309735,0.0911150442477876,466.38,7.72,3.26050595064021,"LM-15-003"
"772",0.295146558414423,0.0977255089248403,0.162855948898573,0.113187272401648,516.43,8.91,3.21084777866639,"LM-15-036"
"773",0.59689140936778,0.000630119722747322,0.369208149548414,0.00121823146397816,450,8.44,1.35152441191501,"LM-15-155"
"774",0.501311188811189,0.0160839160839161,0.130506993006993,0.0546328671328671,489.5,7.87,3.14811572270177,"LM-15-152"
"775",0.0159232253913789,0.0602080205876045,0.0185502895131889,0.325273429122882,465.33,8.7,2.34042528741743,"LM-15-174"
"760",0.296433758270131,0.0132322091334517,0.24366629014039,0.0685815717282556,530.08,8.11,3.37128929627416,"LM-16-216"
"761",0.436909537983694,0.0286872870022864,0.2841551270437,0.0477114878564341,456.88,8.32,2.82822509882612,"LM-16-339"
"762",0.610981628735947,0.0282423910063066,0.146421716479298,0.0507266246229778,433.24,8.31,2.89945692456682,"LM-15-226"
"763",0.108928571428571,0.25462962962963,0.055489417989418,0.165343915343915,515.05,7.77,3.14201078750013,"LM-15-240"
"764",0.538094180364283,0.00372056863616171,0.363505108840515,0.0116614837849845,486.51,9.35,1.97073698100324,"LM-15-197"
"765",0.0272032193158954,0.290865191146881,0.0349295774647887,0.203943661971831,465.61,8.81,2.96238366213821,"LM-15-073"
"767",0.778586627841864,0.00106394893045134,0.158136409452346,0.00319184679135402,506.41,8.39,1.92581963756412,"LM-15-199"
"752",0.178846404802297,0.0114837530993084,0.720866501370221,0.0127234764452564,502.51,8.16,1.47892399619495,"LM-15-112"
"753",0.0874853590413551,0.0938823317415983,0.0584737363726462,0.168753941796558,506.43,7.7,2.96970304578032,"LM-15-300"
"754",0.767591868647381,0.000342064112587959,0.195123143080532,0.00117279124315872,489.89,8.98,1.93078324493995,"LM-15-219"
"756",0.690217190899369,0.00401932224639552,0.213097828091006,0.00851801320107674,467.8,9.19,2.24982258646612,"LM-15-222"
"757",0.400756445770296,0.0359045386746218,0.177818026848498,0.0987641167696569,508.26,8.26,3.14229282792467,"LM-15-255"
"759",0.351843062806518,0.0172441069451036,0.307308970099668,0.0416073406106629,526.02,7.13,2.8945648348686,"LM-16-251"
"75",0.158487784330244,0.096882898062342,0.0334877843302443,0.108993260320135,512.35,9.37,3.13424380318041,"LM-08-051"
"744",0.320120217691495,0.00487369019575989,0.513037121273658,0.00779790431321582,487.037,7.7,2.17944558626634,"LM-15-201"
"747",0.288516844700082,0.024239934264585,0.418344289235826,0.0402629416598192,469.19,8.1,2.89943319861679,"LM-15-120"
"748",0.408668974197609,0.0113278791692889,0.392621145374449,0.0512901195720579,487,7.91,2.60754752696251,"LM-15-205"
"74",0.226025376217173,0.0228189239697059,0.149011507819416,0.0550801613061867,533,7.69,2.68044809075004,"LM-08-030"
"735",0.447176277752943,0.0169870362092088,0.35493965131873,0.0143793771420057,555.31,7.38,2.62854551418911,"LM-15-099"
"738",0.2913484329734,0.0242954964445615,0.395048722675797,0.0397682380826969,488,7.68,2.57039088982162,"LM-15-110"
"739",0.246046992758977,0.0679030589626127,0.0830500960543816,0.19765036205113,476.27,9.34,3.48930184125536,"LM-15-209"
"73",0.484436960182519,0.00255309902764952,0.361616600575805,0.00559508935846597,509,7.07,2.46194201765342,"LM-08-116"
"740",0.301650997477643,0.0601926163723917,0.317759688144921,0.0917794083925705,468.45,7.47,2.84736280206656,"LM-15-249"
"741",0.415954862471593,0.0225687642034323,0.311495964266123,0.0473317138155317,511.49,8.02,2.90838876828182,"LM-15-119"
"743",0.167389732465654,0.117353579175705,0.109110629067245,0.168908170643529,459.88,8.48,3.2448159349142,"LM-15-210"
"855",0.597405697915009,0.0667674677701735,0.0265000795798186,0.0850708260385166,449.02,9.35,2.77583219081273,"LM-16-159"
"857",0.365649443648783,0.150380081524733,0.070618045609783,0.0999228820094745,487.15,9.03,3.17649368728406,"LM-16-158"
"85",0.581175233337715,0.00210332588405416,0.124161956093072,0.0143946365189957,541.01,8.13,3.0109644231466,"LM-08-038"
"861",0.445973990038738,0.00767847260653016,0.227794687327061,0.0079551743220808,515,9.22,2.27649329530805,"LM-16-013"
"864",0.453415637860082,0.0329218106995885,0.183621399176955,0.0784362139917695,568.03,7.39,3.31263043266382,"LM-17-237"
"865",0.737405037984806,0.000499800079968013,0.0773690523790484,0.00639744102359056,490.16,7.96,2.67774525802683,"LM-16-077"
"867",0.551551179639606,0.0161619914545792,0.240293516626416,0.0209920118892811,421,9.03,2.68297584406729,"LM-17-344"
"868",0.611031337106175,0.00185826505617028,0.323675986147479,0.00422332967311428,535.5,7.75,2.3741395455734,"LM-17-347"
"86",0.409443168771527,0.00928052047455032,0.121029468044393,0.0032529659395331,516.21,8.52,2.41865437444298,"LM-08-027"
"872",0.0870106171201062,0.138686131386861,0.0303583278035833,0.274054412740544,462.33,7.35,2.89605081136511,"LM-17-003"
"877",0.213008989952406,0.197990481226864,0.0622950819672131,0.146377578001058,496.85,8.35,3.23084038436244,"LM-17-241"
"907",0.396511527501943,0.0258181504187894,0.219842846040929,0.0264225887229082,463.76,NA,2.91729466013528,"LM-17-194"
"908",0.282239102911919,0.00669198770121179,0.407759088442756,0.0848254657261711,465.29,8.38,2.50889454846626,"LM-17-074"
"90",0.162083395606038,0.121058137797041,0.0332536242714094,0.266477357644597,476.34,7.98,3.12173492274699,"LM-08-020"
"910",0.0900631439016285,0.103799711975186,0.239614489863742,0.201285033787526,476.33,7.24,2.90918466773913,"LM-17-181"
"913",0.183054035567715,0.110807113543092,0.0353967168262654,0.255044459644323,524.47,7.63,3.34032967399157,"LM-17-064"
"914",0.279906568044047,0.0752460930982704,0.0738001223513709,0.112674489739169,585.01,7.69,3.32518841217356,"LM-17-065"
"906",0.863479353116659,0.00816454702465065,0.0367404616109279,0.0101271785209609,500.18,6.8,2.83330529403118,"LM-17-191"
"894",0.491926917357128,0.0340981516889739,0.124814106649671,0.0535372848948375,486.26,8.74,3.33698951129519,"LM-17-077"
"895",0.752330151600225,0.00808534531162268,0.141156653565413,0.0060078607523863,527.06,8.06,2.73602717302807,"LM-17-204"
"897",0.166527806706936,0.0166631951676734,0.274838575296813,0.110289523016038,493.04,6.39,3.01659639410976,"LM-17-183"
"898",0.194449499545041,0.13712465878071,0.0801637852593267,0.181255686988171,521.47,6.62,3.20518749612107,"LM-17-071"
"89",0.51653009324668,0.00197795987567109,0.356974663275878,0.00555712536498069,433.75,9.45,2.38943899662523,"LM-09-170"
"888",0.302932472423998,0.0435835351089588,0.174334140435835,0.0972110124652498,496,6.75,3.48036795445336,"LM-17-215"
"88",0.475627560872227,0.00659351010219941,0.32765035557858,0.00706447510949936,453.44,9.48,2.73586961495868,"LM-09-171"
"890",0.260130602021648,0.1243402808838,0.0627963145182932,0.171124429734323,483.65,8.27,3.42184275384551,"LM-17-224"
"891",0.146519494392024,0.14803275769984,0.114295887484422,0.182481751824818,545.02,6.97,3.16597339466305,"LM-17-195"
"892",0.714767038891028,0.00953022718521371,0.151520985752792,0.0270504428186369,474.2,8.65,2.82992437845549,"LM-17-201"
"87",0.301644147810516,0.0802539475826144,0.0862228010201313,0.0743393564490748,532,8.46,2.93136164270944,"LM-08-102"
"880",0.194959383461779,0.0916475734222037,0.125078108727348,0.338991876692356,509.78,7.85,2.91942363908905,"LM-17-228"
"883",0.619137519872814,0.00635930047694754,0.266494435612083,0.00924085850556439,457.05,8.31,2.54028922966513,"LM-17-202"
"885",0.632418812989922,0.0102650242627846,0.105729749906682,0.0523516237402016,448.5,8.7,3.18365756285508,"LM-17-225"
"915",0.469242277567544,0.0450585232773035,0.106221948429112,0.0625715040042242,512.32,7.81,3.18407913110312,"LM-17-205"
"916",0.148202137998056,0.0896154380119395,0.0583090379008746,0.223379147577398,497,8.65,3.28169775549665,"LM-17-211"
"922",0.199037589790083,0.0988213961922031,0.0500034869935142,0.176581351558686,469,8.42,3.23969322895285,"LM-17-088"
"923",0.0665763499129088,0.178633636539578,0.0835107412425005,0.230501257983356,445.17,8.42,3.12436270371451,"LM-17-149"
"924",0.272867066122276,0.109231666578292,0.134948830796967,0.168672782225993,491.24,7.63,3.23104603112393,"LM-17-034"
"925",0.477432590855803,0.0642829230168034,0.111176240719031,0.0969128565846034,519.65,9.04,3.31504058401969,"LM-18-001"
"926",0.287037037037037,0.0664375715922108,0.117602138220695,0.0470599465444826,490.35,8.77,3.53292947170509,"LM-18-086"
"927",0.238021338506305,0.0833171677982541,0.0812803103782735,0.213870029097963,524,8.02,3.30605449421664,"LM-17-134"
"928",0.38329697725148,0.0266957515321492,0.252518957099823,0.0830996156642776,438.83,8.2,3.17801119685208,"LM-17-104"
"92",0.191023780283577,0.187395333258904,0.030590599531093,0.16685274087306,497.06,8.85,3.33332054391793,"LM-08-115"
"932",0.316519094893122,0.0968607459082372,0.08684375279492,0.167874072086575,557.54,7.17,3.41343266256235,"LM-17-053"
"933",0.386588986611394,0.133213825555991,0.11904095008683,0.120161335499412,524.02,7.06,2.89114926013899,"LM-17-063"
"934",0.475203734796675,0.0152749907858635,0.229329620377575,0.0389041320283386,518.7,8.58,2.83156239509749,"LM-17-142"
"935",0.459266989993247,0.0263367916999202,0.326232426791086,0.0402725765854257,523.15,7.26,2.88155709562239,"LM-17-141"
"936",0.484866352201258,0.0364910901467505,0.0573244234800839,0.100890985324948,482.76,9.01,2.99940644697513,"LM-17-152"
"939",0.614479457518947,0.00585028586624119,0.304081904002127,0.0067810131631432,441.21,9.18,2.64809879161494,"LM-17-061"
"93",0.143188010899183,0.154586739327884,0.0588555858310627,0.27402361489555,522.69,7.46,3.13873805443533,"LM-08-041"
"940",0.462176316555135,0.0776112889147512,0.102705848123363,0.125327320337504,473.93,8.02,3.16785396795615,"LM-17-050"
"941",0.709632900910847,0.00571744016403139,0.206182721501518,0.0145893300737353,515.75,7.37,2.6270183705252,"LM-17-058"
"943",0.285867861142217,0.134736842105263,0.0461366181410974,0.150548712206047,427.66,10.52,3.2079261617786,"LM-18-063"
"946",0.534532617268186,0.0224959627445826,0.290231719683029,0.0150223457392872,502.33,6.97,2.56244439868465,"LM-17-089"
"947",0.237203652509006,0.00720449024042892,0.55818044734858,0.0159168970428081,486.32,6.58,2.05672322159907,"LM-17-090"
"948",0.670515506054258,0.0191079548357431,0.138711490318296,0.0362233689265825,494,7.09,2.71627601605885,"LM-17-096"
"949",0.239275705971114,0.0561184163253575,0.0451246676726306,0.123158726737084,466.6,10.07,3.28401673928422,"LM-18-052"
"94",0.5994663998666,0.00289033405591685,0.189150130620866,0.0406314268245234,514.52,8.36,3.00679005705801,"LM-08-072"
"950",0.0954578356858487,0.101158161418748,0.0259681505609844,0.246109301483894,492.27,8.74,3.16274589461213,"LM-18-050"
"951",0.299792062200524,0.046198354579152,0.164903715758069,0.0769821896754362,510.03,8.04,3.02819553750228,"LM-18-091"
"952",0.313117944725574,0.0394706111327365,0.103464383028416,0.084974698326197,509.44,7.07,2.79309191037006,"LM-18-075"
"954",0.136624383937949,0.12313161509251,0.0601114971317767,0.203603458026986,489.32,10.01,3.38641974164915,"LM-18-049"
"955",0.159441310770884,0.139296266451786,0.0440504969110932,0.222508729519205,510,8.24,3.23365235354717,"LM-17-111"
"957",0.708655271989386,0.0175993131975338,0.0902989151642863,0.04210567392492,509.34,9.13,2.80900310956544,"LM-17-158"
"958",0.701172920621015,0.00766535260621989,0.0866306516766438,0.00861439626222806,501.69,8.07,2.51081308207228,"LM-17-162"
"959",0.321729062138171,0.0602084137398688,0.133925125434195,0.121188730219992,546,6.78,3.02424871412536,"LM-18-095"
"95",0.263653784733312,0.232114340466305,0.0848770360907058,0.0677099968061322,522.96,7.08,3.080925473273,"LM-08-085"
"960",0.33496842874289,0.083911704847884,0.0627250430517142,0.148202264781089,506.6,9.28,3.19825509437852,"LM-18-092"
"961",0.366490111278488,0.0904805870061713,0.035618834734438,0.130521405316099,543,8.66,3.14223508003569,"LM-18-085"
"966",0.490316543250061,0.0773455936203108,0.126698673610546,0.0488648384734315,503.98,7.54,2.95808240789081,"LM-18-088"
"967",0.754299754299754,0.0206512611575903,0.0756072528224427,0.0236369856623021,545.29,8.53,2.86308782179464,"LM-18-087"
"968",0.262398085122298,0.0940982870820555,0.109955868052958,0.134041439150273,524.45,8.58,3.53626247296856,"LM-18-090"
"969",0.228934923066676,0.0464930393658829,0.069806167987744,0.085392659694931,522.77,8.61,3.21936723115092,"LM-18-072"
"970",0.0955183031132398,0.140882654806705,0.101676359904208,0.306055422511119,517.04,8.41,3.25679259016331,"LM-18-074"
"971",0.0951133823059725,0.0999680613222613,0.0408176301501118,0.0470137336314277,542.74,7,3.20526079010032,"LM-18-083"
"972",0.136176194939082,0.120337394564199,0.0369259606373008,0.265510777881912,508.07,9.45,3.15994566112807,"LM-18-081"
"973",0.781226971260133,0.00626381724392041,0.0679808400884304,0.00792188651436993,544.29,8.18,2.44262102285426,"LM-18-037"
"974",0.366924899161278,0.0941801651834304,0.0506434470836801,0.152186439592804,493.34,8.8,3.38347266673585,"LM-18-039"
"975",0.257142857142857,0.0938661338661339,0.0314085914085914,0.15976023976024,514.65,8.36,3.2330993648186,"LM-18-040"
"976",0.0321323579681411,0.0910644698160935,0.0871675668284679,0.159020988582758,523.24,7.74,3.32074032129752,"LM-18-094"
"977",0.585495584574994,0.00883085001193358,0.216100105697433,0.0114903337993113,446.82,10.85,2.58470395600132,"LM-18-044"
"978",0.626898253606682,0.02319033156163,0.062452543659833,0.0325234117944824,517.6,9.37,2.71196935681002,"LM-18-002"
"979",0.149277888446215,0.127780544488712,0.0550298804780876,0.185341965471448,529.59,7.84,3.28490405701787,"LM-18-008"
"97",0.493617448989848,0.0838275203538044,0.217710322645492,0.0371896673032466,514.2,8.17,2.76697174586671,"LM-09-022"
"980",0.679014807797776,0.00441242458991873,0.234257366505459,0.00239317943859999,517.25,9.28,2.33011552457836,"LM-18-011"
"981",0.364008093752635,0.0639912317679791,0.0465390776494393,0.13287243908608,539.05,8.16,3.35042467209611,"LM-18-070"
"982",0.0523315398411478,0.125096079938509,0.0517550602100948,0.143479374839867,528.19,7.1,3.07886003583616,"LM-18-010"
"984",0.307179326872981,0.14900489736376,0.0865895592372616,0.134000208398458,436.31,11,3.19218661932077,"LM-18-100"
"985",0.157484857225267,0.101624843765023,0.0571098932794924,0.149697144505336,515.04,7.67,3.32527532631004,"LM-18-097"
"986",0.217211760819293,0.159440039643211,0.0675586389164189,0.175792864222002,437.34,10.4,3.4158326224783,"LM-18-096"
"988",0.0415801495016611,0.135330149501661,0.0783326411960133,0.189887873754153,402,9.2,3.13702904743016,"LM-18-055"
"989",0.0689675798540495,0.158571599473621,0.0406747218566814,0.191350640028712,536.7,6.8,3.19328929534239,"LM-18-056"
"98",0.443237723939478,0.0471734892787524,0.212215724496426,0.0270119743803954,502.53,8.36,3.24798767806457,"LM-09-168"
"990",0.0470578331509386,0.222325111541376,0.0477312905126694,0.209613603838707,566.17,7.07,3.08803435617026,"LM-18-057"
"991",0.373604671131719,0.094109565516057,0.0737592306371286,0.0742744289884939,498.8,8.42,3.29818737883066,"LM-18-059"
"992",0.17618982681031,0.126142097368062,0.0576844402018274,0.209827719441793,488.34,9.42,3.14589873077305,"LM-18-018"
"993",0.564383313727264,0.0535999758694537,0.117998371188128,0.039000995385033,436.69,9.96,2.81288736451397,"LM-18-042"
"994",0.635194530359759,0.00765098486081719,0.176176135438711,0.0334527104020837,501.46,8.28,2.52811899110623,"LM-18-038"
"995",0.726549053356282,0.021460843373494,0.0960897160068847,0.017749569707401,556.95,9,2.66929815345967,"LM-18-003"
"996",0.74767189384801,0.0055729794933655,0.161495778045838,0.00844390832328106,504.53,7.93,2.27653521008912,"LM-18-031"
"997",0.729938849369774,0.0266650027039394,0.0394775157036482,0.0392695203627439,483.55,8.38,2.75819025735501,"LM-18-022"
"998",0.559640276941601,0.0445514750150512,0.13835791691752,0.0375150511739916,454,2.64,2.78744348177302,"LM-18-014"
"999",0.480436594769199,0.00745024486818798,0.212852974887986,0.00956027925393352,549.6,8.55,2.32927197123527,"LM-18-024"
"99",0.0852198361529885,0.189151194919773,0.0182267681419361,0.222841630714043,573.72,6.27,3.17176303746879,"LM-09-127"
"9",0.262616522018644,0.0816457730633237,0.15707703846566,0.0498232079717133,622.04,6.91,3.2598128219683,"LM-08-025"
